<soapenv:Envelope xmlns:soapenv="http://schemas.xmlsoap.org/soap/envelope/">
	<soapenv:Body>
		<NS1:GetLCDeliveryLocationsResponse xmlns:NS1="http://www.royalmailgroup.com/API/LocalCollect/V2.0">
			<NS2:integrationHeader xmlns:NS2="http://www.royalmailgroup.com/integration/core/V1">
				<NS2:date>2013-11-25</NS2:date>
				<NS2:version>1.0</NS2:version>
				<NS2:identification>
					<NS2:applicationId>RoyalMailGroup</NS2:applicationId>
					<NS2:transactionId>e832dc78-5609-11e3-9b09-ac14a0b80000</NS2:transactionId>
				</NS2:identification>
			</NS2:integrationHeader>
			<NS1:locations>
				<NS1:location>
					<NS1:organisationName>Post Office Limited</NS1:organisationName>
					<NS1:locationPosition>
						<geoDeticSystem>
							<systemNameCode>
								<code>WGS84</code>
							</systemNameCode>
						</geoDeticSystem>
						<longitude>-0.08465</longitude>
						<latitude>51.51049</latitude>
					</NS1:locationPosition>
					<NS1:locationName>The City of London</NS1:locationName>
					<NS1:address>
						<addressLine1>12 Eastcheap</addressLine1>
						<addressLine4>London</addressLine4>
						<county>
							<countyCode>
								<name>Greater London</name>
							</countyCode>
						</county>
						<postcode>EC3M1AJ</postcode>
					</NS1:address>
					<NS1:lCAvailability>true</NS1:lCAvailability>
					<NS1:lCBookingReference>717578360443030003261113RM0011pVSTz</NS1:lCBookingReference>
					<NS1:openingDay>
						<NS1:dayOfWeekType>
							<dayOfWeekCode>
								<name>Monday</name>
							</dayOfWeekCode>
						</NS1:dayOfWeekType>
						<NS1:openingTime>09:00:00</NS1:openingTime>
						<NS1:closingTime>18:00:00</NS1:closingTime>
					</NS1:openingDay>
					<NS1:openingDay>
						<NS1:dayOfWeekType>
							<dayOfWeekCode>
								<name>Tuesday</name>
							</dayOfWeekCode>
						</NS1:dayOfWeekType>
						<NS1:openingTime>09:30:00</NS1:openingTime>
						<NS1:closingTime>18:00:00</NS1:closingTime>
					</NS1:openingDay>
					<NS1:openingDay>
						<NS1:dayOfWeekType>
							<dayOfWeekCode>
								<name>Wednesday</name>
							</dayOfWeekCode>
						</NS1:dayOfWeekType>
						<NS1:openingTime>08:30:00</NS1:openingTime>
						<NS1:closingTime>18:00:00</NS1:closingTime>
					</NS1:openingDay>
					<NS1:openingDay>
						<NS1:dayOfWeekType>
							<dayOfWeekCode>
								<name>Thursday</name>
							</dayOfWeekCode>
						</NS1:dayOfWeekType>
						<NS1:openingTime>08:30:00</NS1:openingTime>
						<NS1:closingTime>18:00:00</NS1:closingTime>
					</NS1:openingDay>
					<NS1:openingDay>
						<NS1:dayOfWeekType>
							<dayOfWeekCode>
								<name>Friday</name>
							</dayOfWeekCode>
						</NS1:dayOfWeekType>
						<NS1:openingTime>08:30:00</NS1:openingTime>
						<NS1:closingTime>18:00:00</NS1:closingTime>
					</NS1:openingDay>
					<NS1:searchDistance>0.1</NS1:searchDistance>
				</NS1:location>
				<NS1:location>
					<NS1:organisationName>Post Office Limited</NS1:organisationName>
					<NS1:locationPosition>
						<geoDeticSystem>
							<systemNameCode>
								<code>WGS84</code>
							</systemNameCode>
						</geoDeticSystem>
						<longitude>-0.07693</longitude>
						<latitude>51.51550</latitude>
					</NS1:locationPosition>
					<NS1:locationName>Houndsditch</NS1:locationName>
					<NS1:address>
						<addressLine1>11 White Kennet Street</addressLine1>
						<addressLine4>London</addressLine4>
						<county>
							<countyCode>
								<name>Greater London</name>
							</countyCode>
						</county>
						<postcode>E17BS</postcode>
					</NS1:address>
					<NS1:lCAvailability>false</NS1:lCAvailability>
					<NS1:lCBookingReference>999999999999999999999999XX99XXXXXX</NS1:lCBookingReference>
					<NS1:openingDay>
						<NS1:dayOfWeekType>
							<dayOfWeekCode>
								<name>Monday</name>
							</dayOfWeekCode>
						</NS1:dayOfWeekType>
						<NS1:openingTime>09:00:00</NS1:openingTime>
						<NS1:closingTime>17:30:00</NS1:closingTime>
					</NS1:openingDay>
					<NS1:openingDay>
						<NS1:dayOfWeekType>
							<dayOfWeekCode>
								<name>Tuesday</name>
							</dayOfWeekCode>
						</NS1:dayOfWeekType>
						<NS1:openingTime>09:30:00</NS1:openingTime>
						<NS1:closingTime>17:30:00</NS1:closingTime>
					</NS1:openingDay>
					<NS1:openingDay>
						<NS1:dayOfWeekType>
							<dayOfWeekCode>
								<name>Wednesday</name>
							</dayOfWeekCode>
						</NS1:dayOfWeekType>
						<NS1:openingTime>09:00:00</NS1:openingTime>
						<NS1:closingTime>17:30:00</NS1:closingTime>
					</NS1:openingDay>
					<NS1:openingDay>
						<NS1:dayOfWeekType>
							<dayOfWeekCode>
								<name>Thursday</name>
							</dayOfWeekCode>
						</NS1:dayOfWeekType>
						<NS1:openingTime>09:00:00</NS1:openingTime>
						<NS1:closingTime>17:30:00</NS1:closingTime>
					</NS1:openingDay>
					<NS1:openingDay>
						<NS1:dayOfWeekType>
							<dayOfWeekCode>
								<name>Friday</name>
							</dayOfWeekCode>
						</NS1:dayOfWeekType>
						<NS1:openingTime>09:00:00</NS1:openingTime>
						<NS1:closingTime>17:30:00</NS1:closingTime>
					</NS1:openingDay>
					<NS1:searchDistance>0.4</NS1:searchDistance>
				</NS1:location>
				<NS1:location>
					<NS1:organisationName>Post Office Limited</NS1:organisationName>
					<NS1:locationPosition>
						<geoDeticSystem>
							<systemNameCode>
								<code>WGS84</code>
							</systemNameCode>
						</geoDeticSystem>
						<longitude>-0.08879</longitude>
						<latitude>51.50518</latitude>
					</NS1:locationPosition>
					<NS1:locationName>London Bridge</NS1:locationName>
					<NS1:address>
						<addressLine1>19a Borough High Street</addressLine1>
						<addressLine4>London</addressLine4>
						<county>
							<countyCode>
								<name>Greater London</name>
							</countyCode>
						</county>
						<postcode>SE19SF</postcode>
					</NS1:address>
					<NS1:lCAvailability>true</NS1:lCAvailability>
					<NS1:lCBookingReference>410044777396006007261113RM0041WKM2D</NS1:lCBookingReference>
					<NS1:openingDay>
						<NS1:dayOfWeekType>
							<dayOfWeekCode>
								<name>Monday</name>
							</dayOfWeekCode>
						</NS1:dayOfWeekType>
						<NS1:openingTime>09:00:00</NS1:openingTime>
						<NS1:closingTime>17:30:00</NS1:closingTime>
					</NS1:openingDay>
					<NS1:openingDay>
						<NS1:dayOfWeekType>
							<dayOfWeekCode>
								<name>Tuesday</name>
							</dayOfWeekCode>
						</NS1:dayOfWeekType>
						<NS1:openingTime>09:30:00</NS1:openingTime>
						<NS1:closingTime>17:30:00</NS1:closingTime>
					</NS1:openingDay>
					<NS1:openingDay>
						<NS1:dayOfWeekType>
							<dayOfWeekCode>
								<name>Wednesday</name>
							</dayOfWeekCode>
						</NS1:dayOfWeekType>
						<NS1:openingTime>09:00:00</NS1:openingTime>
						<NS1:closingTime>17:30:00</NS1:closingTime>
					</NS1:openingDay>
					<NS1:openingDay>
						<NS1:dayOfWeekType>
							<dayOfWeekCode>
								<name>Thursday</name>
							</dayOfWeekCode>
						</NS1:dayOfWeekType>
						<NS1:openingTime>09:00:00</NS1:openingTime>
						<NS1:closingTime>17:30:00</NS1:closingTime>
					</NS1:openingDay>
					<NS1:openingDay>
						<NS1:dayOfWeekType>
							<dayOfWeekCode>
								<name>Friday</name>
							</dayOfWeekCode>
						</NS1:dayOfWeekType>
						<NS1:openingTime>09:00:00</NS1:openingTime>
						<NS1:closingTime>17:30:00</NS1:closingTime>
					</NS1:openingDay>
					<NS1:searchDistance>0.4</NS1:searchDistance>
				</NS1:location>
				<NS1:location>
					<NS1:organisationName>Post Office Limited</NS1:organisationName>
					<NS1:locationPosition>
						<geoDeticSystem>
							<systemNameCode>
								<code>WGS84</code>
							</systemNameCode>
						</geoDeticSystem>
						<longitude>-0.08922</longitude>
						<latitude>51.51662</latitude>
					</NS1:locationPosition>
					<NS1:locationName>Moorgate</NS1:locationName>
					<NS1:address>
						<addressLine1>53 Moorgate</addressLine1>
						<addressLine4>London</addressLine4>
						<county>
							<countyCode>
								<name>Greater London</name>
							</countyCode>
						</county>
						<postcode>EC2R6BH</postcode>
					</NS1:address>
					<NS1:lCAvailability>true</NS1:lCAvailability>
					<NS1:lCBookingReference>615067166094057003261113RM0061oPUpm</NS1:lCBookingReference>
					<NS1:openingDay>
						<NS1:dayOfWeekType>
							<dayOfWeekCode>
								<name>Monday</name>
							</dayOfWeekCode>
						</NS1:dayOfWeekType>
						<NS1:openingTime>07:30:00</NS1:openingTime>
						<NS1:closingTime>19:30:00</NS1:closingTime>
					</NS1:openingDay>
					<NS1:openingDay>
						<NS1:dayOfWeekType>
							<dayOfWeekCode>
								<name>Tuesday</name>
							</dayOfWeekCode>
						</NS1:dayOfWeekType>
						<NS1:openingTime>07:30:00</NS1:openingTime>
						<NS1:closingTime>19:30:00</NS1:closingTime>
					</NS1:openingDay>
					<NS1:openingDay>
						<NS1:dayOfWeekType>
							<dayOfWeekCode>
								<name>Wednesday</name>
							</dayOfWeekCode>
						</NS1:dayOfWeekType>
						<NS1:openingTime>07:30:00</NS1:openingTime>
						<NS1:closingTime>19:30:00</NS1:closingTime>
					</NS1:openingDay>
					<NS1:openingDay>
						<NS1:dayOfWeekType>
							<dayOfWeekCode>
								<name>Thursday</name>
							</dayOfWeekCode>
						</NS1:dayOfWeekType>
						<NS1:openingTime>07:30:00</NS1:openingTime>
						<NS1:closingTime>19:30:00</NS1:closingTime>
					</NS1:openingDay>
					<NS1:openingDay>
						<NS1:dayOfWeekType>
							<dayOfWeekCode>
								<name>Friday</name>
							</dayOfWeekCode>
						</NS1:dayOfWeekType>
						<NS1:openingTime>07:30:00</NS1:openingTime>
						<NS1:closingTime>19:30:00</NS1:closingTime>
					</NS1:openingDay>
					<NS1:searchDistance>0.6</NS1:searchDistance>
				</NS1:location>
				<NS1:location>
					<NS1:organisationName>Post Office Limited</NS1:organisationName>
					<NS1:locationPosition>
						<geoDeticSystem>
							<systemNameCode>
								<code>WGS84</code>
							</systemNameCode>
						</geoDeticSystem>
						<longitude>-0.08866</longitude>
						<latitude>51.49691</latitude>
					</NS1:locationPosition>
					<NS1:locationName>Great Dover Street</NS1:locationName>
					<NS1:address>
						<addressLine1>Cost Cutter Supermarkets</addressLine1>
						<addressLine2>159a Great Dover Street</addressLine2>
						<addressLine4>London</addressLine4>
						<county>
							<countyCode>
								<name>Greater London</name>
							</countyCode>
						</county>
						<postcode>SE14GZ</postcode>
					</NS1:address>
					<NS1:lCAvailability>true</NS1:lCAvailability>
					<NS1:lCBookingReference>512555971745078007261113RM0091xqKnS</NS1:lCBookingReference>
					<NS1:openingDay>
						<NS1:dayOfWeekType>
							<dayOfWeekCode>
								<name>Monday</name>
							</dayOfWeekCode>
						</NS1:dayOfWeekType>
						<NS1:openingTime>08:30:00</NS1:openingTime>
						<NS1:closingTime>17:30:00</NS1:closingTime>
					</NS1:openingDay>
					<NS1:openingDay>
						<NS1:dayOfWeekType>
							<dayOfWeekCode>
								<name>Tuesday</name>
							</dayOfWeekCode>
						</NS1:dayOfWeekType>
						<NS1:openingTime>09:00:00</NS1:openingTime>
						<NS1:closingTime>17:30:00</NS1:closingTime>
					</NS1:openingDay>
					<NS1:openingDay>
						<NS1:dayOfWeekType>
							<dayOfWeekCode>
								<name>Wednesday</name>
							</dayOfWeekCode>
						</NS1:dayOfWeekType>
						<NS1:openingTime>09:00:00</NS1:openingTime>
						<NS1:closingTime>17:30:00</NS1:closingTime>
					</NS1:openingDay>
					<NS1:openingDay>
						<NS1:dayOfWeekType>
							<dayOfWeekCode>
								<name>Thursday</name>
							</dayOfWeekCode>
						</NS1:dayOfWeekType>
						<NS1:openingTime>09:00:00</NS1:openingTime>
						<NS1:closingTime>17:30:00</NS1:closingTime>
					</NS1:openingDay>
					<NS1:openingDay>
						<NS1:dayOfWeekType>
							<dayOfWeekCode>
								<name>Friday</name>
							</dayOfWeekCode>
						</NS1:dayOfWeekType>
						<NS1:openingTime>09:00:00</NS1:openingTime>
						<NS1:closingTime>17:30:00</NS1:closingTime>
					</NS1:openingDay>
					<NS1:openingDay>
						<NS1:dayOfWeekType>
							<dayOfWeekCode>
								<name>Saturday</name>
							</dayOfWeekCode>
						</NS1:dayOfWeekType>
						<NS1:openingTime>09:00:00</NS1:openingTime>
						<NS1:closingTime>12:30:00</NS1:closingTime>
					</NS1:openingDay>
					<NS1:searchDistance>0.9</NS1:searchDistance>
				</NS1:location>
				<NS1:location>
					<NS1:organisationName>Post Office Limited</NS1:organisationName>
					<NS1:locationPosition>
						<geoDeticSystem>
							<systemNameCode>
								<code>WGS84</code>
							</systemNameCode>
						</geoDeticSystem>
						<longitude>-0.09945</longitude>
						<latitude>51.50051</latitude>
					</NS1:locationPosition>
					<NS1:locationName>Southwark</NS1:locationName>
					<NS1:address>
						<addressLine1>136 Southwark Bridge Road</addressLine1>
						<addressLine4>London</addressLine4>
						<county>
							<countyCode>
								<name>Greater London</name>
							</countyCode>
						</county>
						<postcode>SE10DG</postcode>
					</NS1:address>
					<NS1:lCAvailability>true</NS1:lCAvailability>
					<NS1:lCBookingReference>410044777396242007261113RM01013U2nV</NS1:lCBookingReference>
					<NS1:openingDay>
						<NS1:dayOfWeekType>
							<dayOfWeekCode>
								<name>Monday</name>
							</dayOfWeekCode>
						</NS1:dayOfWeekType>
						<NS1:openingTime>08:30:00</NS1:openingTime>
						<NS1:closingTime>05:30:00</NS1:closingTime>
					</NS1:openingDay>
					<NS1:openingDay>
						<NS1:dayOfWeekType>
							<dayOfWeekCode>
								<name>Tuesday</name>
							</dayOfWeekCode>
						</NS1:dayOfWeekType>
						<NS1:openingTime>09:00:00</NS1:openingTime>
						<NS1:closingTime>05:30:00</NS1:closingTime>
					</NS1:openingDay>
					<NS1:openingDay>
						<NS1:dayOfWeekType>
							<dayOfWeekCode>
								<name>Wednesday</name>
							</dayOfWeekCode>
						</NS1:dayOfWeekType>
						<NS1:openingTime>08:30:00</NS1:openingTime>
						<NS1:closingTime>05:30:00</NS1:closingTime>
					</NS1:openingDay>
					<NS1:openingDay>
						<NS1:dayOfWeekType>
							<dayOfWeekCode>
								<name>Thursday</name>
							</dayOfWeekCode>
						</NS1:dayOfWeekType>
						<NS1:openingTime>08:30:00</NS1:openingTime>
						<NS1:closingTime>05:30:00</NS1:closingTime>
					</NS1:openingDay>
					<NS1:openingDay>
						<NS1:dayOfWeekType>
							<dayOfWeekCode>
								<name>Friday</name>
							</dayOfWeekCode>
						</NS1:dayOfWeekType>
						<NS1:openingTime>08:30:00</NS1:openingTime>
						<NS1:closingTime>05:30:00</NS1:closingTime>
					</NS1:openingDay>
					<NS1:openingDay>
						<NS1:dayOfWeekType>
							<dayOfWeekCode>
								<name>Saturday</name>
							</dayOfWeekCode>
						</NS1:dayOfWeekType>
						<NS1:openingTime>09:00:00</NS1:openingTime>
						<NS1:closingTime>05:30:00</NS1:closingTime>
					</NS1:openingDay>
					<NS1:searchDistance>1.0</NS1:searchDistance>
				</NS1:location>
				<NS1:location>
					<NS1:organisationName>Post Office Limited</NS1:organisationName>
					<NS1:locationPosition>
						<geoDeticSystem>
							<systemNameCode>
								<code>WGS84</code>
							</systemNameCode>
						</geoDeticSystem>
						<longitude>-0.10490</longitude>
						<latitude>51.50468</latitude>
					</NS1:locationPosition>
					<NS1:locationName>Blackfriars Road</NS1:locationName>
					<NS1:address>
						<addressLine1>52 Blackfriars Road</addressLine1>
						<addressLine4>London</addressLine4>
						<county>
							<countyCode>
								<name>Greater London</name>
							</countyCode>
						</county>
						<postcode>SE18NN</postcode>
					</NS1:address>
					<NS1:lCAvailability>true</NS1:lCAvailability>
					<NS1:lCBookingReference>717578360443004007261113RM0111myL2P</NS1:lCBookingReference>
					<NS1:openingDay>
						<NS1:dayOfWeekType>
							<dayOfWeekCode>
								<name>Monday</name>
							</dayOfWeekCode>
						</NS1:dayOfWeekType>
						<NS1:openingTime>09:00:00</NS1:openingTime>
						<NS1:closingTime>17:30:00</NS1:closingTime>
					</NS1:openingDay>
					<NS1:openingDay>
						<NS1:dayOfWeekType>
							<dayOfWeekCode>
								<name>Tuesday</name>
							</dayOfWeekCode>
						</NS1:dayOfWeekType>
						<NS1:openingTime>09:30:00</NS1:openingTime>
						<NS1:closingTime>17:30:00</NS1:closingTime>
					</NS1:openingDay>
					<NS1:openingDay>
						<NS1:dayOfWeekType>
							<dayOfWeekCode>
								<name>Wednesday</name>
							</dayOfWeekCode>
						</NS1:dayOfWeekType>
						<NS1:openingTime>09:00:00</NS1:openingTime>
						<NS1:closingTime>17:30:00</NS1:closingTime>
					</NS1:openingDay>
					<NS1:openingDay>
						<NS1:dayOfWeekType>
							<dayOfWeekCode>
								<name>Thursday</name>
							</dayOfWeekCode>
						</NS1:dayOfWeekType>
						<NS1:openingTime>09:00:00</NS1:openingTime>
						<NS1:closingTime>17:30:00</NS1:closingTime>
					</NS1:openingDay>
					<NS1:openingDay>
						<NS1:dayOfWeekType>
							<dayOfWeekCode>
								<name>Friday</name>
							</dayOfWeekCode>
						</NS1:dayOfWeekType>
						<NS1:openingTime>09:00:00</NS1:openingTime>
						<NS1:closingTime>17:30:00</NS1:closingTime>
					</NS1:openingDay>
					<NS1:openingDay>
						<NS1:dayOfWeekType>
							<dayOfWeekCode>
								<name>Saturday</name>
							</dayOfWeekCode>
						</NS1:dayOfWeekType>
						<NS1:openingTime>09:00:00</NS1:openingTime>
						<NS1:closingTime>12:30:00</NS1:closingTime>
					</NS1:openingDay>
					<NS1:searchDistance>1.1</NS1:searchDistance>
				</NS1:location>
				<NS1:location>
					<NS1:organisationName>Post Office Limited</NS1:organisationName>
					<NS1:locationPosition>
						<geoDeticSystem>
							<systemNameCode>
								<code>WGS84</code>
							</systemNameCode>
						</geoDeticSystem>
						<longitude>-0.05856</longitude>
						<latitude>51.50534</latitude>
					</NS1:locationPosition>
					<NS1:locationName>Wapping</NS1:locationName>
					<NS1:address>
						<addressLine1>52 Wapping Lane</addressLine1>
						<addressLine4>London</addressLine4>
						<county>
							<countyCode>
								<name>Greater London</name>
							</countyCode>
						</county>
						<postcode>E1W2RL</postcode>
					</NS1:address>
					<NS1:lCAvailability>true</NS1:lCAvailability>
					<NS1:lCBookingReference>512555971745184002261113RM0111Gy0wA</NS1:lCBookingReference>
					<NS1:openingDay>
						<NS1:dayOfWeekType>
							<dayOfWeekCode>
								<name>Monday</name>
							</dayOfWeekCode>
						</NS1:dayOfWeekType>
						<NS1:openingTime>09:00:00</NS1:openingTime>
						<NS1:closingTime>17:30:00</NS1:closingTime>
           
           "               </NS1:openingDay>
					<NS1:openingDay>
						<NS1:dayOfWeekType>
							<dayOfWeekCode>
								<name>Tuesday</name>
							</dayOfWeekCode>
						</NS1:dayOfWeekType>
						<NS1:openingTime>09:00:00</NS1:openingTime>
						<NS1:closingTime>17:30:00</NS1:closingTime>
					</NS1:openingDay>
					<NS1:openingDay>
						<NS1:dayOfWeekType>
							<dayOfWeekCode>
								<name>Wednesday</name>
							</dayOfWeekCode>
						</NS1:dayOfWeekType>
						<NS1:openingTime>09:00:00</NS1:openingTime>
						<NS1:closingTime>17:30:00</NS1:closingTime>
					</NS1:openingDay>
					<NS1:openingDay>
						<NS1:dayOfWeekType>
							<dayOfWeekCode>
								<name>Thursday</name>
							</dayOfWeekCode>
						</NS1:dayOfWeekType>
						<NS1:openingTime>09:00:00</NS1:openingTime>
						<NS1:closingTime>17:30:00</NS1:closingTime>
					</NS1:openingDay>
					<NS1:openingDay>
						<NS1:dayOfWeekType>
							<dayOfWeekCode>
								<name>Friday</name>
							</dayOfWeekCode>
						</NS1:dayOfWeekType>
						<NS1:openingTime>09:00:00</NS1:openingTime>
						<NS1:closingTime>17:30:00</NS1:closingTime>
						<NS1:lunchTime>
							<NS1:lunchClosingTime>13:00:00</NS1:lunchClosingTime>
							<NS1:lunchOpeningTime>14:00:00</NS1:lunchOpeningTime>
						</NS1:lunchTime>
					</NS1:openingDay>
					<NS1:openingDay>
						<NS1:dayOfWeekType>
							<dayOfWeekCode>
								<name>Saturday</name>
							</dayOfWeekCode>
						</NS1:dayOfWeekType>
						<NS1:openingTime>09:00:00</NS1:openingTime>
						<NS1:closingTime>13:00:00</NS1:closingTime>
					</NS1:openingDay>
					<NS1:searchDistance>1.1</NS1:searchDistance>
				</NS1:location>
				<NS1:location>
					<NS1:organisationName>Post Office Limited</NS1:organisationName>
					<NS1:locationPosition>
						<geoDeticSystem>
							<systemNameCode>
								<code>WGS84</code>
							</systemNameCode>
						</geoDeticSystem>
						<longitude>-0.05836</longitude>
						<latitude>51.51510</latitude>
					</NS1:locationPosition>
					<NS1:locationName>Philpot Street</NS1:locationName>
					<NS1:address>
						<addressLine1>12 Philpot Street</addressLine1>
						<addressLine4>London</addressLine4>
						<county>
							<countyCode>
								<name>Greater London</name>
							</countyCode>
						</county>
						<postcode>E12DW</postcode>
					</NS1:address>
					<NS1:lCAvailability>false</NS1:lCAvailability>
					<NS1:lCBookingReference>999999999999999999999999XX99XXXXXX</NS1:lCBookingReference>
					<NS1:openingDay>
						<NS1:dayOfWeekType>
							<dayOfWeekCode>
								<name>Monday</name>
							</dayOfWeekCode>
						</NS1:dayOfWeekType>
						<NS1:openingTime>09:00:00</NS1:openingTime>
						<NS1:closingTime>17:30:00</NS1:closingTime>
					</NS1:openingDay>
					<NS1:openingDay>
						<NS1:dayOfWeekType>
							<dayOfWeekCode>
								<name>Tuesday</name>
							</dayOfWeekCode>
						</NS1:dayOfWeekType>
						<NS1:openingTime>09:00:00</NS1:openingTime>
						<NS1:closingTime>17:30:00</NS1:closingTime>
					</NS1:openingDay>
					<NS1:openingDay>
						<NS1:dayOfWeekType>
							<dayOfWeekCode>
								<name>Wednesday</name>
							</dayOfWeekCode>
						</NS1:dayOfWeekType>
						<NS1:openingTime>09:00:00</NS1:openingTime>
						<NS1:closingTime>17:30:00</NS1:closingTime>
					</NS1:openingDay>
					<NS1:openingDay>
						<NS1:dayOfWeekType>
							<dayOfWeekCode>
								<name>Thursday</name>
							</dayOfWeekCode>
						</NS1:dayOfWeekType>
						<NS1:openingTime>09:00:00</NS1:openingTime>
						<NS1:closingTime>17:30:00</NS1:closingTime>
					</NS1:openingDay>
					<NS1:openingDay>
						<NS1:dayOfWeekType>
							<dayOfWeekCode>
								<name>Friday</name>
							</dayOfWeekCode>
						</NS1:dayOfWeekType>
						<NS1:openingTime>09:00:00</NS1:openingTime>
						<NS1:closingTime>17:30:00</NS1:closingTime>
					</NS1:openingDay>
					<NS1:openingDay>
						<NS1:dayOfWeekType>
							<dayOfWeekCode>
								<name>Saturday</name>
							</dayOfWeekCode>
						</NS1:dayOfWeekType>
						<NS1:openingTime>09:00:00</NS1:openingTime>
						<NS1:closingTime>12:30:00</NS1:closingTime>
					</NS1:openingDay>
					<NS1:searchDistance>1.1</NS1:searchDistance>
				</NS1:location>
				<NS1:location>
					<NS1:organisationName>Post Office Limited</NS1:organisationName>
					<NS1:locationPosition>
						<geoDeticSystem>
							<systemNameCode>
								<code>WGS84</code>
							</systemNameCode>
						</geoDeticSystem>
						<longitude>-0.08907</longitude>
						<latitude>51.52568</latitude>
					</NS1:locationPosition>
					<NS1:locationName>Old Street (205)</NS1:locationName>
					<NS1:address>
						<addressLine1>205 Old Street</addressLine1>
						<addressLine4>London</addressLine4>
						<county>
							<countyCode>
								<name>Greater London</name>
							</countyCode>
						</county>
						<postcode>EC1V9QN</postcode>
					</NS1:address>
					<NS1:lCAvailability>true</NS1:lCAvailability>
					<NS1:lCBookingReference>820089554792028003261113RM0111BJBSo</NS1:lCBookingReference>
					<NS1:openingDay>
						<NS1:dayOfWeekType>
							<dayOfWeekCode>
								<name>Monday</name>
							</dayOfWeekCode>
						</NS1:dayOfWeekType>
						<NS1:openingTime>09:00:00</NS1:openingTime>
						<NS1:closingTime>18:00:00</NS1:closingTime>
					</NS1:openingDay>
					<NS1:openingDay>
						<NS1:dayOfWeekType>
							<dayOfWeekCode>
								<name>Tuesday</name>
							</dayOfWeekCode>
						</NS1:dayOfWeekType>
						<NS1:openingTime>09:30:00</NS1:openingTime>
						<NS1:closingTime>18:00:00</NS1:closingTime>
					</NS1:openingDay>
					<NS1:openingDay>
						<NS1:dayOfWeekType>
							<dayOfWeekCode>
								<name>Wednesday</name>
							</dayOfWeekCode>
						</NS1:dayOfWeekType>
						<NS1:openingTime>09:00:00</NS1:openingTime>
						<NS1:closingTime>18:00:00</NS1:closingTime>
					</NS1:openingDay>
					<NS1:openingDay>
						<NS1:dayOfWeekType>
							<dayOfWeekCode>
								<name>Thursday</name>
							</dayOfWeekCode>
						</NS1:dayOfWeekType>
						<NS1:openingTime>09:00:00</NS1:openingTime>
						<NS1:closingTime>18:00:00</NS1:closingTime>
					</NS1:openingDay>
					<NS1:openingDay>
						<NS1:dayOfWeekType>
							<dayOfWeekCode>
								<name>Friday</name>
							</dayOfWeekCode>
						</NS1:dayOfWeekType>
						<NS1:openingTime>09:00:00</NS1:openingTime>
						<NS1:closingTime>18:00:00</NS1:closingTime>
					</NS1:openingDay>
					<NS1:openingDay>
						<NS1:dayOfWeekType>
							<dayOfWeekCode>
								<name>Saturday</name>
							</dayOfWeekCode>
						</NS1:dayOfWeekType>
						<NS1:openingTime>09:00:00</NS1:openingTime>
						<NS1:closingTime>12:30:00</NS1:closingTime>
					</NS1:openingDay>
					<NS1:searchDistance>1.1</NS1:searchDistance>
				</NS1:location>
				<NS1:location>
					<NS1:organisationName>Post Office Limited</NS1:organisationName>
					<NS1:locationPosition>
						<geoDeticSystem>
							<systemNameCode>
								<code>WGS84</code>
							</systemNameCode>
						</geoDeticSystem>
						<longitude>-0.06326</longitude>
						<latitude>51.49808</latitude>
					</NS1:locationPosition>
					<NS1:locationName>Jamaica Road</NS1:locationName>
					<NS1:address>
						<addressLine1>158 Jamaica Road</addressLine1>
						<addressLine4>London</addressLine4>
						<county>
							<countyCode>
								<name>Greater London</name>
							</countyCode>
						</county>
						<postcode>SE164SN</postcode>
					</NS1:address>
					<NS1:lCAvailability>true</NS1:lCAvailability>
					<NS1:lCBookingReference>102511194349110007261113RM0121OIP9k</NS1:lCBookingReference>
					<NS1:openingDay>
						<NS1:dayOfWeekType>
							<dayOfWeekCode>
								<name>Monday</name>
							</dayOfWeekCode>
						</NS1:dayOfWeekType>
						<NS1:openingTime>07:00:00</NS1:openingTime>
						<NS1:closingTime>22:00:00</NS1:closingTime>
					</NS1:openingDay>
					<NS1:openingDay>
						<NS1:dayOfWeekType>
							<dayOfWeekCode>
								<name>Tuesday</name>
							</dayOfWeekCode>
						</NS1:dayOfWeekType>
						<NS1:openingTime>07:00:00</NS1:openingTime>
						<NS1:closingTime>22:00:00</NS1:closingTime>
					</NS1:openingDay>
					<NS1:openingDay>
						<NS1:dayOfWeekType>
							<dayOfWeekCode>
								<name>Wednesday</name>
							</dayOfWeekCode>
						</NS1:dayOfWeekType>
						<NS1:openingTime>07:00:00</NS1:openingTime>
						<NS1:closingTime>22:00:00</NS1:closingTime>
					</NS1:openingDay>
					<NS1:openingDay>
						<NS1:dayOfWeekType>
							<dayOfWeekCode>
								<name>Thursday</name>
							</dayOfWeekCode>
						</NS1:dayOfWeekType>
						<NS1:openingTime>07:00:00</NS1:openingTime>
						<NS1:closingTime>22:00:00</NS1:closingTime>
					</NS1:openingDay>
					<NS1:openingDay>
						<NS1:dayOfWeekType>
							<dayOfWeekCode>
								<name>Friday</name>
							</dayOfWeekCode>
						</NS1:dayOfWeekType>
						<NS1:openingTime>07:00:00</NS1:openingTime>
						<NS1:closingTime>22:00:00</NS1:closingTime>
					</NS1:openingDay>
					<NS1:openingDay>
						<NS1:dayOfWeekType>
							<dayOfWeekCode>
								<name>Saturday</name>
							</dayOfWeekCode>
						</NS1:dayOfWeekType>
						<NS1:openingTime>07:00:00</NS1:openingTime>
						<NS1:closingTime>22:00:00</NS1:closingTime>
					</NS1:openingDay>
					<NS1:openingDay>
						<NS1:dayOfWeekType>
							<dayOfWeekCode>
								<name>Sunday</name>
							</dayOfWeekCode>
						</NS1:dayOfWeekType>
						<NS1:openingTime>09:00:00</NS1:openingTime>
						<NS1:closingTime>18:00:00</NS1:closingTime>
					</NS1:openingDay>
					<NS1:searchDistance>1.2</NS1:searchDistance>
				</NS1:location>
				<NS1:location>
					<NS1:organisationName>Post Office Limited</NS1:organisationName>
					<NS1:locationPosition>
						<geoDeticSystem>
							<systemNameCode>
								<code>WGS84</code>
							</systemNameCode>
						</geoDeticSystem>
						<longitude>-0.05808</longitude>
						<latitude>51.51903</latitude>
					</NS1:locationPosition>
					<NS1:locationName>Eastern</NS1:locationName>
					<NS1:address>
						<addressLine1>206 Whitechapel Road</addressLine1>
						<addressLine4>London</addressLine4>
						<county>
							<countyCode>
								<name>Greater London</name>
							</countyCode>
						</county>
						<postcode>E11AA</postcode>
					</NS1:address>
					<NS1:lCAvailability>true</NS1:lCAvailability>
					<NS1:lCBookingReference>717578360443189002261113RM0121fUt5h</NS1:lCBookingReference>
					<NS1:openingDay>
						<NS1:dayOfWeekType>
							<dayOfWeekCode>
								<name>Monday</name>
							</dayOfWeekCode>
						</NS1:dayOfWeekType>
						<NS1:openingTime>09:00:00</NS1:openingTime>
						<NS1:closingTime>17:30:00</NS1:closingTime>
					</NS1:openingDay>
					<NS1:openingDay>
						<NS1:dayOfWeekType>
							<dayOfWeekCode>
								<name>Tuesday</name>
							</dayOfWeekCode>
						</NS1:dayOfWeekType>
						<NS1:openingTime>09:00:00</NS1:openingTime>
						<NS1:closingTime>17:30:00</NS1:closingTime>
					</NS1:openingDay>
					<NS1:openingDay>
						<NS1:dayOfWeekType>
							<dayOfWeekCode>
								<name>Wednesday</name>
							</dayOfWeekCode>
						</NS1:dayOfWeekType>
						<NS1:openingTime>09:00:00</NS1:openingTime>
						<NS1:closingTime>17:30:00</NS1:closingTime>
					</NS1:openingDay>
					<NS1:openingDay>
						<NS1:dayOfWeekType>
							<dayOfWeekCode>
								<name>Thursday</name>
							</dayOfWeekCode>
						</NS1:dayOfWeekType>
						<NS1:openingTime>09:00:00</NS1:openingTime>
						<NS1:closingTime>17:30:00</NS1:closingTime>
					</NS1:openingDay>
					<NS1:openingDay>
						<NS1:dayOfWeekType>
							<dayOfWeekCode>
								<name>Friday</name>
							</dayOfWeekCode>
						</NS1:dayOfWeekType>
						<NS1:openingTime>09:00:00</NS1:openingTime>
						<NS1:closingTime>17:30:00</NS1:closingTime>
					</NS1:openingDay>
					<NS1:openingDay>
						<NS1:dayOfWeekType>
							<dayOfWeekCode>
								<name>Saturday</name>
							</dayOfWeekCode>
						</NS1:dayOfWeekType>
						<NS1:openingTime>09:00:00</NS1:openingTime>
						<NS1:closingTime>12:30:00</NS1:closingTime>
					</NS1:openingDay>
					<NS1:searchDistance>1.2</NS1:searchDistance>
				</NS1:location>
				<NS1:location>
					<NS1:organisationName>Post Office Limited</NS1:organisationName>
					<NS1:locationPosition>
						<geoDeticSystem>
							<systemNameCode>
								<code>WGS84</code>
							</systemNameCode>
						</geoDeticSystem>
						<longitude>-0.10607</longitude>
						<latitude>51.52062</latitude>
					</NS1:locationPosition>
					<NS1:locationName>Farringdon Road</NS1:locationName>
					<NS1:address>
						<addressLine1>39 - 41 Farringdon Road</addressLine1>
						<addressLine4>London</addressLine4>
						<county>
							<countyCode>
								<name>Greater London</name>
							</countyCode>
						</county>
						<postcode>EC1M3JB</postcode>
					</NS1:address>
					<NS1:lCAvailability>true</NS1:lCAvailability>
					<NS1:lCBookingReference>205022388698100003261113RM0131qamzU</NS1:lCBookingReference>
					<NS1:openingDay>
						<NS1:dayOfWeekType>
							<dayOfWeekCode>
								<name>Monday</name>
							</dayOfWeekCode>
						</NS1:dayOfWeekType>
						<NS1:openingTime>09:00:00</NS1:openingTime>
						<NS1:closingTime>18:30:00</NS1:closingTime>
					</NS1:openingDay>
					<NS1:openingDay>
						<NS1:dayOfWeekType>
							<dayOfWeekCode>
								<name>Tuesday</name>
							</dayOfWeekCode>
						</NS1:dayOfWeekType>
						<NS1:openingTime>09:00:00</NS1:openingTime>
						<NS1:closingTime>18:30:00</NS1:closingTime>
					</NS1:openingDay>
					<NS1:openingDay>
						<NS1:dayOfWeekType>
							<dayOfWeekCode>
								<name>Wednesday</name>
							</dayOfWeekCode>
						</NS1:dayOfWeekType>
						<NS1:openingTime>09:00:00</NS1:openingTime>
						<NS1:closingTime>18:30:00</NS1:closingTime>
					</NS1:openingDay>
					<NS1:openingDay>
						<NS1:dayOfWeekType>
							<dayOfWeekCode>
								<name>Thursday</name>
							</dayOfWeekCode>
						</NS1:dayOfWeekType>
						<NS1:openingTime>09:00:00</NS1:openingTime>
						<NS1:closingTime>18:30:00</NS1:closingTime>
					</NS1:openingDay>
					<NS1:openingDay>
						<NS1:dayOfWeekType>
							<dayOfWeekCode>
								<name>Friday</name>
							</dayOfWeekCode>
						</NS1:dayOfWeekType>
						<NS1:openingTime>09:00:00</NS1:openingTime>
						<NS1:closingTime>18:30:00</NS1:closingTime>
					</NS1:openingDay>
					<NS1:searchDistance>1.3</NS1:searchDistance>
				</NS1:location>
				<NS1:location>
					<NS1:organisationName>Post Office Limited</NS1:organisationName>
					<NS1:locationPosition>
						<geoDeticSystem>
							<systemNameCode>
								<code>WGS84</code>
							</systemNameCode>
						</geoDeticSystem>
						<longitude>-0.06776</longitude>
						<latitude>51.52621</latitude>
					</NS1:locationPosition>
					<NS1:locationName>Bethnal Green</NS1:locationName>
					<NS1:address>
						<addressLine1>223 - 227 Bethnal Green Road</addressLine1>
						<addressLine4>London</addressLine4>
						<county>
							<countyCode>
								<name>Greater London</name>
							</countyCode>
						</county>
						<postcode>E26AB</postcode>
					</NS1:address>
					<NS1:lCAvailability>true</NS1:lCAvailability>
					<NS1:lCBookingReference>205022388698154002261113RM0131jX4y2</NS1:lCBookingReference>
					<NS1:openingDay>
						<NS1:dayOfWeekType>
							<dayOfWeekCode>
								<name>Monday</name>
							</dayOfWeekCode>
						</NS1:dayOfWeekType>
						<NS1:openingTime>08:30:00</NS1:openingTime>
						<NS1:closingTime>17:30:00</NS1:closingTime>
					</NS1:openingDay>
					<NS1:openingDay>
						<NS1:dayOfWeekType>
							<dayOfWeekCode>
								<name>Tuesday</name>
							</dayOfWeekCode>
						</NS1:dayOfWeekType>
						<NS1:openingTime>09:00:00</NS1:openingTime>
						<NS1:closingTime>17:30:00</NS1:closingTime>
					</NS1:openingDay>
					<NS1:openingDay>
						<NS1:dayOfWeekType>
							<dayOfWeekCode>
								<name>Wednesday</name>
							</dayOfWeekCode>
						</NS1:dayOfWeekType>
						<NS1:openingTime>09:00:00</NS1:openingTime>
						<NS1:closingTime>17:30:00</NS1:closingTime>
					</NS1:openingDay>
					<NS1:openingDay>
						<NS1:dayOfWeekType>
							<dayOfWeekCode>
								<name>Thursday</name>
							</dayOfWeekCode>
						</NS1:dayOfWeekType>
						<NS1:openingTime>09:00:00</NS1:openingTime>
						<NS1:closingTime>17:30:00</NS1:closingTime>
					</NS1:openingDay>
					<NS1:openingDay>
						<NS1:dayOfWeekType>
							<dayOfWeekCode>
								<name>Friday</name>
							</dayOfWeekCode>
						</NS1:dayOfWeekType>
						<NS1:openingTime>09:00:00</NS1:openingTime>
						<NS1:closingTime>17:30:00</NS1:closingTime>
					</NS1:openingDay>
					<NS1:openingDay>
						<NS1:dayOfWeekType>
							<dayOfWeekCode>
								<name>Saturday</name>
							</dayOfWeekCode>
						</NS1:dayOfWeekType>
						<NS1:openingTime>09:00:00</NS1:openingTime>
						<NS1:closingTime>12:30:00</NS1:closingTime>
					</NS1:openingDay>
					<NS1:searchDistance>1.3</NS1:searchDistance>
				</NS1:location>
				<NS1:location>
					<NS1:organisationName>Post Office Limited</NS1:organisationName>
					<NS1:locationPosition>
						<geoDeticSystem>
							<systemNameCode>
								<code>WGS84</code>
							</systemNameCode>
						</geoDeticSystem>
						<longitude>-0.08045</longitude>
						<latitude>51.52992</latitude>
					</NS1:locationPosition>
					<NS1:locationName>Hoxton</NS1:locationName>
					<NS1:address>
						<addressLine1>101 Hoxton Street</addressLine1>
						<addressLine4>London</addressLine4>
						<county>
							<countyCode>
								<name>Greater London</name>
							</countyCode>
						</county>
						<postcode>N16QQ</postcode>
					</NS1:address>
					<NS1:lCAvailability>true</NS1:lCAvailability>
					<NS1:lCBookingReference>922600749141055004261113RM0141iwOcX</NS1:lCBookingReference>
					<NS1:openingDay>
						<NS1:dayOfWeekType>
							<dayOfWeekCode>
								<name>Monday</name>
							</dayOfWeekCode>
						</NS1:dayOfWeekType>
						<NS1:openingTime>09:00:00</NS1:openingTime>
						<NS1:closingTime>17:30:00</NS1:closingTime>
					</NS1:openingDay>
					<NS1:openingDay>
						<NS1:dayOfWeekType>
							<dayOfWeekCode>
								<name>Tuesday</name>
							</dayOfWeekCode>
						</NS1:dayOfWeekType>
						<NS1:openingTime>09:00:00</NS1:openingTime>
						<NS1:closingTime>17:30:00</NS1:closingTime>
					</NS1:openingDay>
					<NS1:openingDay>
						<NS1:dayOfWeekType>
							<dayOfWeekCode>
								<name>Wednesday</name>
							</dayOfWeekCode>
						</NS1:dayOfWeekType>
						<NS1:openingTime>09:00:00</NS1:openingTime>
						<NS1:closingTime>17:30:00</NS1:closingTime>
					</NS1:openingDay>
					<NS1:openingDay>
						<NS1:dayOfWeekType>
							<dayOfWeekCode>
								<name>Thursday</name>
							</dayOfWeekCode>
						</NS1:dayOfWeekType>
						<NS1:openingTime>09:00:00</NS1:openingTime>
						<NS1:closingTime>17:30:00</NS1:closingTime>
					</NS1:openingDay>
					<NS1:openingDay>
						<NS1:dayOfWeekType>
							<dayOfWeekCode>
								<name>Friday</name>
							</dayOfWeekCode>
						</NS1:dayOfWeekType>
						<NS1:openingTime>09:00:00</NS1:openingTime>
						<NS1:closingTime>17:30:00</NS1:closingTime>
					</NS1:openingDay>
					<NS1:openingDay>
						<NS1:dayOfWeekType>
							<dayOfWeekCode>
								<name>Saturday</name>
							</dayOfWeekCode>
						</NS1:dayOfWeekType>
						<NS1:openingTime>09:00:00</NS1:openingTime>
						<NS1:closingTime>12:30:00</NS1:closingTime>
					</NS1:openingDay>
					<NS1:searchDistance>1.4</NS1:searchDistance>
				</NS1:location>
				<NS1:location>
					<NS1:organisationName>Post Office Limited</NS1:organisationName>
					<NS1:locationPosition>
						<geoDeticSystem>
							<systemNameCode>
								<code>WGS84</code>
							</systemNameCode>
						</geoDeticSystem>
						<longitude>-0.07950</longitude>
						<latitude>51.48939</latitude>
					</NS1:locationPosition>
					<NS1:locationName>Old Kent Road</NS1:locationName>
					<NS1:address>
						<addressLine1>240 Old Kent Road</addressLine1>
						<addressLine4>London</addressLine4>
						<county>
							<countyCode>
								<name>Greater London</name>
							</countyCode>
						</county>
						<postcode>SE15UB</postcode>
					</NS1:address>
					<NS1:lCAvailability>true</NS1:lCAvailability>
					<NS1:lCBookingReference>820089554792171007261113RM0141gMQGW</NS1:lCBookingReference>
					<NS1:openingDay>
						<NS1:dayOfWeekType>
							<dayOfWeekCode>
								<name>Monday</name>
							</dayOfWeekCode>
						</NS1:dayOfWeekType>
						<NS1:openingTime>08:30:00</NS1:openingTime>
						<NS1:closingTime>17:30:00</NS1:closingTime>
					</NS1:openingDay>
					<NS1:openingDay>
						<NS1:dayOfWeekType>
							<dayOfWeekCode>
								<name>Tuesday</name>
							</dayOfWeekCode>
						</NS1:dayOfWeekType>
						<NS1:openingTime>09:00:00</NS1:openingTime>
						<NS1:closingTime>17:30:00</NS1:closingTime>
					</NS1:openingDay>
					<NS1:openingDay>
						<NS1:dayOfWeekType>
							<dayOfWeekCode>
								<name>Wednesday</name>
							</dayOfWeekCode>
						</NS1:dayOfWeekType>
						<NS1:openingTime>09:00:00</NS1:openingTime>
						<NS1:closingTime>17:30:00</NS1:closingTime>
					</NS1:openingDay>
					<NS1:openingDay>
						<NS1:dayOfWeekType>
							<dayOfWeekCode>
								<name>Thursday</name>
							</dayOfWeekCode>
						</NS1:dayOfWeekType>
						<NS1:openingTime>09:00:00</NS1:openingTime>
						<NS1:closingTime>17:30:00</NS1:closingTime>
					</NS1:openingDay>
					<NS1:openingDay>
						<NS1:dayOfWeekType>
							<dayOfWeekCode>
								<name>Friday</name>
							</dayOfWeekCode>
						</NS1:dayOfWeekType>
						<NS1:openingTime>09:00:00</NS1:openingTime>
						<NS1:closingTime>17:30:00</NS1:closingTime>
					</NS1:openingDay>
					<NS1:openingDay>
						<NS1:dayOfWeekType>
							<dayOfWeekCode>
								<name>Saturday</name>
							</dayOfWeekCode>
						</NS1:dayOfWeekType>
						<NS1:openingTime>09:00:00</NS1:openingTime>
						<NS1:closingTime>13:00:00</NS1:closingTime>
					</NS1:openingDay>
					<NS1:searchDistance>1.4</NS1:searchDistance>
				</NS1:location>
				<NS1:location>
					<NS1:organisationName>Post Office Limited</NS1:organisationName>
					<NS1:locationPosition>
						<geoDeticSystem>
							<systemNameCode>
								<code>WGS84</code>
							</systemNameCode>
						</geoDeticSystem>
						<longitude>-0.11261</longitude>
						<latitude>51.51850</latitude>
					</NS1:locationPosition>
					<NS1:locationName>Grays Inn</NS1:locationName>
					<NS1:address>
						<addressLine1>19/20 High Holborn</addressLine1>
						<addressLine4>London</addressLine4>
						<county>
							<countyCode>
								<name>Greater London</name>
							</countyCode>
						</county>
						<postcode>WC1V6BS</postcode>
					</NS1:address>
					<NS1:lCAvailability>true</NS1:lCAvailability>
					<NS1:lCBookingReference>102511194349050010261113RM0141v5XsW</NS1:lCBookingReference>
					<NS1:openingDay>
						<NS1:dayOfWeekType>
							<dayOfWeekCode>
								<name>Monday</name>
							</dayOfWeekCode>
						</NS1:dayOfWeekType>
						<NS1:openingTime>08:30:00</NS1:openingTime>
						<NS1:closingTime>18:00:00</NS1:closingTime>
					</NS1:openingDay>
					<NS1:openingDay>
						<NS1:dayOfWeekType>
							<dayOfWeekCode>
								<name>Tuesday</name>
							</dayOfWeekCode>
						</NS1:dayOfWeekType>
						<NS1:openingTime>08:30:00</NS1:openingTime>
						<NS1:closingTime>18:00:00</NS1:closingTime>
					</NS1:openingDay>
					<NS1:openingDay>
						<NS1:dayOfWeekType>
							<dayOfWeekCode>
								<name>Wednesday</name>
							</dayOfWeekCode>
						</NS1:dayOfWeekType>
						<NS1:openingTime>08:30:00</NS1:openingTime>
						<NS1:closingTime>18:00:00</NS1:closingTime>
					</NS1:openingDay>
					<NS1:openingDay>
						<NS1:dayOfWeekType>
							<dayOfWeekCode>
								<name>Thursday</name>
							</dayOfWeekCode>
						</NS1:dayOfWeekType>
						<NS1:openingTime>08:30:00</NS1:openingTime>
						<NS1:closingTime>18:00:00</NS1:closingTime>
					</NS1:openingDay>
					<NS1:openingDay>
						<NS1:dayOfWeekType>
							<dayOfWeekCode>
								<name>Friday</name>
							</dayOfWeekCode>
						</NS1:dayOfWeekType>
						<NS1:openingTime>08:30:00</NS1:openingTime>
						<NS1:closingTime>18:00:00</NS1:closingTime>
					</NS1:openingDay>
					<NS1:searchDistance>1.4</NS1:searchDistance>
				</NS1:location>
				<NS1:location>
					<NS1:organisationName>Post Office Limited</NS1:organisationName>
					<NS1:locationPosition>
						<geoDeticSystem>
							<systemNameCode>
								<code>WGS84</code>
							</systemNameCode>
						</geoDeticSystem>
						<longitude>-0.06461</longitude>
						<latitude>51.49204</latitude>
					</NS1:locationPosition>
					<NS1:locationName>Southwark Park Road</NS1:locationName>
					<NS1:address>
						<addressLine1>200 Southwark Park Road</addressLine1>
						<addressLine4>London</addressLine4>
						<county>
							<countyCode>
								<name>Greater London</name>
							</countyCode>
						</county>
						<postcode>SE163RW</postcode>
					</NS1:address>
					<NS1:lCAvailability>true</NS1:lCAvailability>
					<NS1:lCBookingReference>615067166094203007261113RM0141eNmN7</NS1:lCBookingReference>
					<NS1:openingDay>
						<NS1:dayOfWeekType>
							<dayOfWeekCode>
								<name>Monday</name>
							</dayOfWeekCode>
						</NS1:dayOfWeekType>
						<NS1:openingTime>09:00:00</NS1:openingTime>
						<NS1:closingTime>17:30:00</NS1:closingTime>
					</NS1:openingDay>
					<NS1:openingDay>
						<NS1:dayOfWeekType>
							<dayOfWeekCode>
								<name>Tuesday</name>
							</dayOfWeekCode>
						</NS1:dayOfWeekType>
						<NS1:openingTime>09:00:00</NS1:openingTime>
						<NS1:closingTime>17:30:00</NS1:closingTime>
					</NS1:openingDay>
					<NS1:openingDay>
						<NS1:dayOfWeekType>
							<dayOfWeekCode>
								<name>Wednesday</name>
							</dayOfWeekCode>
						</NS1:dayOfWeekType>
						<NS1:openingTime>09:00:00</NS1:openingTime>
						<NS1:closingTime>17:30:00</NS1:closingTime>
					</NS1:openingDay>
					<NS1:openingDay>
						<NS1:dayOfWeekType>
							<dayOfWeekCode>
								<name>Thursday</name>
							</dayOfWeekCode>
						</NS1:dayOfWeekType>
						<NS1:openingTime>09:00:00</NS1:openingTime>
						<NS1:closingTime>17:30:00</NS1:closingTime>
					</NS1:openingDay>
					<NS1:openingDay>
						<NS1:dayOfWeekType>
							<dayOfWeekCode>
								<name>Friday</name>
							</dayOfWeekCode>
						</NS1:dayOfWeekType>
						<NS1:openingTime>09:00:00</NS1:openingTime>
						<NS1:closingTime>17:30:00</NS1:closingTime>
					</NS1:openingDay>
					<NS1:openingDay>
						<NS1:dayOfWeekType>
							<dayOfWeekCode>
								<name>Saturday</name>
							</dayOfWeekCode>
						</NS1:dayOfWeekType>
						<NS1:openingTime>09:00:00</NS1:openingTime>
						<NS1:closingTime>13:00:00</NS1:closingTime>
					</NS1:openingDay>
					<NS1:searchDistance>1.4</NS1:searchDistance>
				</NS1:location>
				<NS1:location>
					<NS1:organisationName>Post Office Limited</NS1:organisationName>
					<NS1:locationPosition>
						<geoDeticSystem>
							<systemNameCode>
								<code>WGS84</code>
							</systemNameCode>
						</geoDeticSystem>
						<longitude>-0.11534</longitude>
						<latitude>51.51341</latitude>
					</NS1:locationPosition>
					<NS1:locationName>Aldwych</NS1:locationName>
					<NS1:address>
						<addressLine1>95 Aldwych</addressLine1>
						<addressLine4>London</addressLine4>
						<county>
							<countyCode>
								<name>Greater London</name>
							</countyCode>
						</county>
						<postcode>WC2B4JN</postcode>
					</NS1:address>
					<NS1:lCAvailability>true</NS1:lCAvailability>
					<NS1:lCBookingReference>102511194349008010261113RM0151HRCRM</NS1:lCBookingReference>
					<NS1:openingDay>
						<NS1:dayOfWeekType>
							<dayOfWeekCode>
								<name>Monday</name>
							</dayOfWeekCode>
						</NS1:dayOfWeekType>
						<NS1:openingTime>09:00:00</NS1:openingTime>
						<NS1:closingTime>17:30:00</NS1:closingTime>
					</NS1:openingDay>
					<NS1:openingDay>
						<NS1:dayOfWeekType>
							<dayOfWeekCode>
								<name>Tuesday</name>
							</dayOfWeekCode>
						</NS1:dayOfWeekType>
						<NS1:openingTime>09:30:00</NS1:openingTime>
						<NS1:closingTime>17:30:00</NS1:closingTime>
					</NS1:openingDay>
					<NS1:openingDay>
						<NS1:dayOfWeekType>
							<dayOfWeekCode>
								<name>Wednesday</name>
							</dayOfWeekCode>
						</NS1:dayOfWeekType>
						<NS1:openingTime>09:00:00</NS1:openingTime>
						<NS1:closingTime>17:30:00</NS1:closingTime>
					</NS1:openingDay>
					<NS1:openingDay>
						<NS1:dayOfWeekType>
							<dayOfWeekCode>
								<name>Thursday</name>
							</dayOfWeekCode>
						</NS1:dayOfWeekType>
						<NS1:openingTime>09:00:00</NS1:openingTime>
						<NS1:closingTime>17:30:00</NS1:closingTime>
					</NS1:openingDay>
					<NS1:openingDay>
						<NS1:dayOfWeekType>
							<dayOfWeekCode>
								<name>Friday</name>
							</dayOfWeekCode>
						</NS1:dayOfWeekType>
						<NS1:openingTime>09:00:00</NS1:openingTime>
						<NS1:closingTime>17:30:00</NS1:closingTime>
					</NS1:openingDay>
					<NS1:searchDistance>1.5</NS1:searchDistance>
				</NS1:location>
				<NS1:location>
					<NS1:organisationName>Post Office Limited</NS1:organisationName>
					<NS1:locationPosition>
						<geoDeticSystem>
							<systemNameCode>
								<code>WGS84</code>
							</systemNameCode>
						</geoDeticSystem>
						<longitude>-0.06109</longitude>
						<latitude>51.52707</latitude>
					</NS1:locationPosition>
					<NS1:locationName>Bethnal Green Road</NS1:locationName>
					<NS1:address>
						<addressLine1>365 Bethnal Green Road</addressLine1>
						<addressLine4>London</addressLine4>
						<county>
							<countyCode>
								<name>Greater London</name>
							</countyCode>
						</county>
						<postcode>E20AN</postcode>
					</NS1:address>
					<NS1:lCAvailability>true</NS1:lCAvailability>
					<NS1:lCBookingReference>512555971745070002261113RM0151DFUlp</NS1:lCBookingReference>
					<NS1:openingDay>
						<NS1:dayOfWeekType>
							<dayOfWeekCode>
								<name>Monday</name>
							</dayOfWeekCode>
						</NS1:dayOfWeekType>
						<NS1:openingTime>09:00:00</NS1:openingTime>
						<NS1:closingTime>17:30:00</NS1:closingTime>
					</NS1:openingDay>
					<NS1:openingDay>
						<NS1:dayOfWeekType>
							<dayOfWeekCode>
								<name>Tuesday</name>
							</dayOfWeekCode>
						</NS1:dayOfWeekType>
						<NS1:openingTime>09:00:00</NS1:openingTime>
						<NS1:closingTime>17:30:00</NS1:closingTime>
					</NS1:openingDay>
					<NS1:openingDay>
						<NS1:dayOfWeekType>
							<dayOfWeekCode>
								<name>Wednesday</name>
							</dayOfWeekCode>
						</NS1:dayOfWeekType>
						<NS1:openingTime>09:00:00</NS1:openingTime>
						<NS1:closingTime>17:30:00</NS1:closingTime>
					</NS1:openingDay>
					<NS1:openingDay>
						<NS1:dayOfWeekType>
							<dayOfWeekCode>
								<name>Thursday</name>
							</dayOfWeekCode>
						</NS1:dayOfWeekType>
						<NS1:openingTime>09:00:00</NS1:openingTime>
						<NS1:closingTime>17:30:00</NS1:closingTime>
					</NS1:openingDay>
					<NS1:openingDay>
						<NS1:dayOfWeekType>
							<dayOfWeekCode>
								<name>Friday</name>
							</dayOfWeekCode>
						</NS1:dayOfWeekType>
						<NS1:openingTime>09:00:00</NS1:openingTime>
						<NS1:closingTime>17:30:00</NS1:closingTime>
					</NS1:openingDay>
					<NS1:openingDay>
						<NS1:dayOfWeekType>
							<dayOfWeekCode>
								<name>Saturday</name>
							</dayOfWeekCode>
						</NS1:dayOfWeekType>
						<NS1:openingTime>09:00:00</NS1:openingTime>
						<NS1:closingTime>17:30:00</NS1:closingTime>
					</NS1:openingDay>
					<NS1:searchDistance>1.5</NS1:searchDistance>
				</NS1:location>
			</NS1:locations>
		</NS1:GetLCDeliveryLocationsResponse>
	</soapenv:Body>
</soapenv:Envelope>
