<soapenv:Envelope xmlns:soapenv="http://schemas.xmlsoap.org/soap/envelope/" xmlns:v2="http://www.royalmailgroup.com/API/LocalCollect/V2.0" xmlns:v1="http://www.royalmailgroup.com/integration/core/V1">
	<soapenv:Header/>
	<soapenv:Body>
		<v2:SetLCDeliveryLocationRequest>
			<v1:integrationHeader>
				<v1:date>2013-11-25</v1:date>
				<v1:version>1.0</v1:version>
				<v1:identification>
					<v1:applicationId>123456789</v1:applicationId>
					<v1:intermediaryId>123456789</v1:intermediaryId>
					<v1:transactionId>22334455</v1:transactionId>
				</v1:identification>
			</v1:integrationHeader>
			<v2:lCBookingReference>717578360443030003261113RM0011pVSTz</v2:lCBookingReference>
		</v2:SetLCDeliveryLocationRequest>
	</soapenv:Body>
</soapenv:Envelope>
