<soapenv:Envelope xmlns:soapenv="http://schemas.xmlsoap.org/soap/envelope/">
	<soapenv:Body>
		<NS1:SetLCDeliveryLocationResponse xmlns:NS1="http://www.royalmailgroup.com/API/LocalCollect/V2.0">
			<NS2:integrationHeader xmlns:NS2="http://www.royalmailgroup.com/integration/core/V1">
				<NS2:date>2013-11-25</NS2:date>
				<NS2:version>1.0</NS2:version>
				<NS2:identification>
					<NS2:applicationId>RoyalMailGroup</NS2:applicationId>
					<NS2:transactionId>e8ff6f5e-5609-11e3-9b09-ac14a0b80000</NS2:transactionId>
				</NS2:identification>
			</NS2:integrationHeader>
			<NS1:reservationReference>1pVSTz-1opkX</NS1:reservationReference>
			<NS1:location>
				<NS1:organisationName>Post Office Limited</NS1:organisationName>
				<NS1:locationPosition>
					<geoDeticSystem>
						<systemNameCode>
							<code>WGS84</code>
						</systemNameCode>
					</geoDeticSystem>
					<longitude>-0.08465</longitude>
					<latitude>51.51049</latitude>
				</NS1:locationPosition>
				<NS1:locationName>The City of London</NS1:locationName>
				<NS1:address>
					<addressLine1>12 Eastcheap</addressLine1>
					<addressLine4>London</addressLine4>
					<county>
						<countyCode>
							<name>Greater London</name>
						</countyCode>
					</county>
					<postcode>EC3M1AJ</postcode>
				</NS1:address>
				<NS1:lCAvailability>true</NS1:lCAvailability>
				<NS1:openingDay>
					<NS1:dayOfWeekType>
						<dayOfWeekCode>
							<name>Monday</name>
						</dayOfWeekCode>
					</NS1:dayOfWeekType>
					<NS1:openingTime>09:00:00</NS1:openingTime>
					<NS1:closingTime>18:00:00</NS1:closingTime>
				</NS1:openingDay>
				<NS1:openingDay>
					<NS1:dayOfWeekType>
						<dayOfWeekCode>
							<name>Tuesday</name>
						</dayOfWeekCode>
					</NS1:dayOfWeekType>
					<NS1:openingTime>09:30:00</NS1:openingTime>
					<NS1:closingTime>18:00:00</NS1:closingTime>
				</NS1:openingDay>
				<NS1:openingDay>
					<NS1:dayOfWeekType>
						<dayOfWeekCode>
							<name>Wednesday</name>
						</dayOfWeekCode>
					</NS1:dayOfWeekType>
					<NS1:openingTime>08:30:00</NS1:openingTime>
					<NS1:closingTime>18:00:00</NS1:closingTime>
				</NS1:openingDay>
				<NS1:openingDay>
					<NS1:dayOfWeekType>
						<dayOfWeekCode>
							<name>Thursday</name>
						</dayOfWeekCode>
					</NS1:dayOfWeekType>
					<NS1:openingTime>08:30:00</NS1:openingTime>
					<NS1:closingTime>18:00:00</NS1:closingTime>
				</NS1:openingDay>
				<NS1:openingDay>
					<NS1:dayOfWeekType>
						<dayOfWeekCode>
							<name>Friday</name>
						</dayOfWeekCode>
					</NS1:dayOfWeekType>
					<NS1:openingTime>08:30:00</NS1:openingTime>
					<NS1:closingTime>18:00:00</NS1:closingTime>
				</NS1:openingDay>
				<NS1:searchDistance>0.1</NS1:searchDistance>
			</NS1:location>
		</NS1:SetLCDeliveryLocationResponse>
	</soapenv:Body>
</soapenv:Envelope>
