<soapenv:Envelope xmlns:soapenv="http://schemas.xmlsoap.org/soap/envelope/" xmlns:v2="http://www.royalmailgroup.com/API/LocalCollect/V2.0" xmlns:v1="http://www.royalmailgroup.com/integration/core/V1">
	<soapenv:Header/>
	<soapenv:Body>
		<v2:GetLCDeliveryLocationsRequest>
			<v1:integrationHeader>
				<v1:date>2013-11-26</v1:date>
				<v1:version>1.0</v1:version>
				<v1:identification>
					<v1:applicationId>12345</v1:applicationId>
					<v1:intermediaryId>12345</v1:intermediaryId>
					<v1:transactionId>12345</v1:transactionId>
				</v1:identification>
			</v1:integrationHeader>
			<v2:searchPosition>
				<geoDeticSystem>
					<systemNameCode>
						<code>WGS84</code>
					</systemNameCode>
				</geoDeticSystem>
				<altitude>100</altitude>
				<longitude>0.1275</longitude>
				<latitude>51.5072</latitude>
			</v2:searchPosition>
			<v2:radius>2</v2:radius>
			<v2:estimatedDeliveryDate>2013-11-26</v2:estimatedDeliveryDate>
		</v2:GetLCDeliveryLocationsRequest>
	</soapenv:Body>
</soapenv:Envelope>
