<soapenv:Envelope xmlns:soapenv="http://schemas.xmlsoap.org/soap/envelope/">
	<soapenv:Body>
		<NS1:GetLCDeliveryLocationsResponse xmlns:NS1="http://www.royalmailgroup.com/API/LocalCollect/V2.0">
			<NS2:integrationHeader xmlns:NS2="http://www.royalmailgroup.com/integration/core/V1">
				<NS2:date>2013-11-25</NS2:date>
				<NS2:version>1.0</NS2:version>
				<NS2:identification>
					<NS2:applicationId>RoyalMailGroup</NS2:applicationId>
					<NS2:transactionId>e73d8502-5609-11e3-9b09-ac14a0b80000</NS2:transactionId>
				</NS2:identification>
			</NS2:integrationHeader>
			<NS1:locations>
				<NS1:location>
					<NS1:organisationName>Post Office Limited</NS1:organisationName>
					<NS1:locationPosition>
						<geoDeticSystem>
							<systemNameCode>
								<code>WGS84</code>
							</systemNameCode>
						</geoDeticSystem>
						<longitude>0.11688</longitude>
						<latitude>51.50394</latitude>
					</NS1:locationPosition>
					<NS1:locationName>Thamesmead</NS1:locationName>
					<NS1:address>
						<addressLine1>6 Arnott Close</addressLine1>
						<addressLine4>London</addressLine4>
						<county>
							<countyCode>
								<name>Greater London</name>
							</countyCode>
						</county>
						<postcode>SE288BG</postcode>
					</NS1:address>
					<NS1:lCAvailability>true</NS1:lCAvailability>
					<NS1:lCBookingReference>922600749132058007261113RM00611HbXR</NS1:lCBookingReference>
					<NS1:openingDay>
						<NS1:dayOfWeekType>
							<dayOfWeekCode>
								<name>Monday</name>
							</dayOfWeekCode>
						</NS1:dayOfWeekType>
						<NS1:openingTime>06:30:00</NS1:openingTime>
						<NS1:closingTime>18:30:00</NS1:closingTime>
					</NS1:openingDay>
					<NS1:openingDay>
						<NS1:dayOfWeekType>
							<dayOfWeekCode>
								<name>Tuesday</name>
							</dayOfWeekCode>
						</NS1:dayOfWeekType>
						<NS1:openingTime>06:30:00</NS1:openingTime>
						<NS1:closingTime>18:30:00</NS1:closingTime>
					</NS1:openingDay>
					<NS1:openingDay>
						<NS1:dayOfWeekType>
							<dayOfWeekCode>
								<name>Wednesday</name>
							</dayOfWeekCode>
						</NS1:dayOfWeekType>
						<NS1:openingTime>06:30:00</NS1:openingTime>
						<NS1:closingTime>18:30:00</NS1:closingTime>
					</NS1:openingDay>
					<NS1:openingDay>
						<NS1:dayOfWeekType>
							<dayOfWeekCode>
								<name>Thursday</name>
							</dayOfWeekCode>
						</NS1:dayOfWeekType>
						<NS1:openingTime>06:30:00</NS1:openingTime>
						<NS1:closingTime>18:30:00</NS1:closingTime>
					</NS1:openingDay>
					<NS1:openingDay>
						<NS1:dayOfWeekType>
							<dayOfWeekCode>
								<name>Friday</name>
							</dayOfWeekCode>
						</NS1:dayOfWeekType>
						<NS1:openingTime>06:30:00</NS1:openingTime>
						<NS1:closingTime>18:30:00</NS1:closingTime>
					</NS1:openingDay>
					<NS1:openingDay>
						<NS1:dayOfWeekType>
							<dayOfWeekCode>
								<name>Saturday</name>
							</dayOfWeekCode>
						</NS1:dayOfWeekType>
						<NS1:openingTime>06:30:00</NS1:openingTime>
						<NS1:closingTime>18:30:00</NS1:closingTime>
					</NS1:openingDay>
					<NS1:openingDay>
						<NS1:dayOfWeekType>
							<dayOfWeekCode>
								<name>Sunday</name>
							</dayOfWeekCode>
						</NS1:dayOfWeekType>
						<NS1:openingTime>07:00:00</NS1:openingTime>
						<NS1:closingTime>15:00:00</NS1:closingTime>
					</NS1:openingDay>
					<NS1:searchDistance>0.6</NS1:searchDistance>
				</NS1:location>
				<NS1:location>
					<NS1:organisationName>Post Office Limited</NS1:organisationName>
					<NS1:locationPosition>
						<geoDeticSystem>
							<systemNameCode>
								<code>WGS84</code>
							</systemNameCode>
						</geoDeticSystem>
						<longitude>0.10632</longitude>
						<latitude>51.50714</latitude>
					</NS1:locationPosition>
					<NS1:locationName>Thamesmead Town Centre</NS1:locationName>
					<NS1:address>
						<addressLine1>2 Joyce Dawson Way</addressLine1>
						<addressLine3>Thamesmead</addressLine3>
						<addressLine4>London</addressLine4>
						<county>
							<countyCode>
								<name>Greater London</name>
							</countyCode>
						</county>
						<postcode>SE288RA</postcode>
					</NS1:address>
					<NS1:lCAvailability>true</NS1:lCAvailability>
					<NS1:lCBookingReference>512555971740232007261113RM00918oyA1</NS1:lCBookingReference>
					<NS1:openingDay>
						<NS1:dayOfWeekType>
							<dayOfWeekCode>
								<name>Monday</name>
							</dayOfWeekCode>
						</NS1:dayOfWeekType>
						<NS1:openingTime>07:00:00</NS1:openingTime>
						<NS1:closingTime>18:45:00</NS1:closingTime>
					</NS1:openingDay>
					<NS1:openingDay>
						<NS1:dayOfWeekType>
							<dayOfWeekCode>
								<name>Tuesday</name>
							</dayOfWeekCode>
						</NS1:dayOfWeekType>
						<NS1:openingTime>07:00:00</NS1:openingTime>
						<NS1:closingTime>18:46:00</NS1:closingTime>
					</NS1:openingDay>
					<NS1:openingDay>
						<NS1:dayOfWeekType>
							<dayOfWeekCode>
								<name>Wednesday</name>
							</dayOfWeekCode>
						</NS1:dayOfWeekType>
						<NS1:openingTime>07:00:00</NS1:openingTime>
						<NS1:closingTime>18:30:00</NS1:closingTime>
					</NS1:openingDay>
					<NS1:openingDay>
						<NS1:dayOfWeekType>
							<dayOfWeekCode>
								<name>Thursday</name>
							</dayOfWeekCode>
						</NS1:dayOfWeekType>
						<NS1:openingTime>07:00:00</NS1:openingTime>
						<NS1:closingTime>18:45:00</NS1:closingTime>
					</NS1:openingDay>
					<NS1:openingDay>
						<NS1:dayOfWeekType>
							<dayOfWeekCode>
								<name>Friday</name>
							</dayOfWeekCode>
						</NS1:dayOfWeekType>
						<NS1:openingTime>07:00:00</NS1:openingTime>
						<NS1:closingTime>18:45:00</NS1:closingTime>
					</NS1:openingDay>
					<NS1:openingDay>
						<NS1:dayOfWeekType>
							<dayOfWeekCode>
								<name>Saturday</name>
							</dayOfWeekCode>
						</NS1:dayOfWeekType>
						<NS1:openingTime>07:00:00</NS1:openingTime>
						<NS1:closingTime>18:45:00</NS1:closingTime>
					</NS1:openingDay>
					<NS1:openingDay>
						<NS1:dayOfWeekType>
							<dayOfWeekCode>
								<name>Sunday</name>
							</dayOfWeekCode>
						</NS1:dayOfWeekType>
						<NS1:openingTime>08:00:00</NS1:openingTime>
						<NS1:closingTime>15:30:00</NS1:closingTime>
					</NS1:openingDay>
					<NS1:searchDistance>0.9</NS1:searchDistance>
				</NS1:location>
				<NS1:location>
					<NS1:organisationName>Post Office Limited</NS1:organisationName>
					<NS1:locationPosition>
						<geoDeticSystem>
							<systemNameCode>
								<code>WGS84</code>
							</systemNameCode>
						</geoDeticSystem>
						<longitude>0.13891</longitude>
						<latitude>51.49343</latitude>
					</NS1:locationPosition>
					<NS1:locationName>Limestone Walk</NS1:locationName>
					<NS1:address>
						<addressLine1>4-7  Lime Row</addressLine1>
						<addressLine2>Thamesmead</addressLine2>
						<addressLine4>Erith</addressLine4>
						<county>
							<countyCode>
								<name>Kent</name>
							</countyCode>
						</county>
						<postcode>DA184HW</postcode>
					</NS1:address>
					<NS1:lCAvailability>true</NS1:lCAvailability>
					<NS1:lCBookingReference>922600749132113014261113RM0131lToDQ</NS1:lCBookingReference>
					<NS1:openingDay>
						<NS1:dayOfWeekType>
							<dayOfWeekCode>
								<name>Monday</name>
							</dayOfWeekCode>
						</NS1:dayOfWeekType>
						<NS1:openingTime>09:00:00</NS1:openingTime>
						<NS1:closingTime>17:30:00</NS1:closingTime>
					</NS1:openingDay>
					<NS1:openingDay>
						<NS1:dayOfWeekType>
							<dayOfWeekCode>
								<name>Tuesday</name>
							</dayOfWeekCode>
						</NS1:dayOfWeekType>
						<NS1:openingTime>09:00:00</NS1:openingTime>
						<NS1:closingTime>17:30:00</NS1:closingTime>
					</NS1:openingDay>
					<NS1:openingDay>
						<NS1:dayOfWeekType>
							<dayOfWeekCode>
								<name>Wednesday</name>
							</dayOfWeekCode>
						</NS1:dayOfWeekType>
						<NS1:openingTime>09:00:00</NS1:openingTime>
						<NS1:closingTime>15:00:00</NS1:closingTime>
					</NS1:openingDay>
					<NS1:openingDay>
						<NS1:dayOfWeekType>
							<dayOfWeekCode>
								<name>Thursday</name>
							</dayOfWeekCode>
						</NS1:dayOfWeekType>
						<NS1:openingTime>09:00:00</NS1:openingTime>
						<NS1:closingTime>17:30:00</NS1:closingTime>
					</NS1:openingDay>
					<NS1:openingDay>
						<NS1:dayOfWeekType>
							<dayOfWeekCode>
								<name>Friday</name>
							</dayOfWeekCode>
						</NS1:dayOfWeekType>
						<NS1:openingTime>09:00:00</NS1:openingTime>
						<NS1:closingTime>17:30:00</NS1:closingTime>
					</NS1:openingDay>
					<NS1:openingDay>
						<NS1:dayOfWeekType>
							<dayOfWeekCode>
								<name>Saturday</name>
							</dayOfWeekCode>
						</NS1:dayOfWeekType>
						<NS1:openingTime>09:00:00</NS1:openingTime>
						<NS1:closingTime>12:30:00</NS1:closingTime>
					</NS1:openingDay>
					<NS1:searchDistance>1.3</NS1:searchDistance>
				</NS1:location>
				<NS1:location>
					<NS1:organisationName>Post Office Limited</NS1:organisationName>
					<NS1:locationPosition>
						<geoDeticSystem>
							<systemNameCode>
								<code>WGS84</code>
							</systemNameCode>
						</geoDeticSystem>
						<longitude>0.10998</longitude>
						<latitude>51.49372</latitude>
					</NS1:locationPosition>
					<NS1:locationName>Eynsham Drive</NS1:locationName>
					<NS1:address>
						<addressLine1>166 Eynsham Drive</addressLine1>
						<addressLine4>London</addressLine4>
						<county>
							<countyCode>
								<name>Greater London</name>
							</countyCode>
						</county>
						<postcode>SE29PT</postcode>
					</NS1:address>
					<NS1:lCAvailability>false</NS1:lCAvailability>
					<NS1:lCBookingReference>999999999999999999999999XX99XXXXXX</NS1:lCBookingReference>
					<NS1:openingDay>
						<NS1:dayOfWeekType>
							<dayOfWeekCode>
								<name>Monday</name>
							</dayOfWeekCode>
						</NS1:dayOfWeekType>
						<NS1:openingTime>09:00:00</NS1:openingTime>
						<NS1:closingTime>17:30:00</NS1:closingTime>
					</NS1:openingDay>
					<NS1:openingDay>
						<NS1:dayOfWeekType>
							<dayOfWeekCode>
								<name>Tuesday</name>
							</dayOfWeekCode>
						</NS1:dayOfWeekType>
						<NS1:openingTime>09:00:00</NS1:openingTime>
						<NS1:closingTime>17:30:00</NS1:closingTime>
					</NS1:openingDay>
					<NS1:openingDay>
						<NS1:dayOfWeekType>
							<dayOfWeekCode>
								<name>Wednesday</name>
							</dayOfWeekCode>
						</NS1:dayOfWeekType>
						<NS1:openingTime>09:00:00</NS1:openingTime>
						<NS1:closingTime>13:00:00</NS1:closingTime>
					</NS1:openingDay>
					<NS1:openingDay>
						<NS1:dayOfWeekType>
							<dayOfWeekCode>
								<name>Thursday</name>
							</dayOfWeekCode>
						</NS1:dayOfWeekType>
						<NS1:openingTime>09:00:00</NS1:openingTime>
						<NS1:closingTime>17:30:00</NS1:closingTime>
					</NS1:openingDay>
					<NS1:openingDay>
						<NS1:dayOfWeekType>
							<dayOfWeekCode>
								<name>Friday</name>
							</dayOfWeekCode>
						</NS1:dayOfWeekType>
						<NS1:openingTime>09:00:00</NS1:openingTime>
						<NS1:closingTime>17:30:00</NS1:closingTime>
					</NS1:openingDay>
					<NS1:openingDay>
						<NS1:dayOfWeekType>
							<dayOfWeekCode>
								<name>Saturday</name>
							</dayOfWeekCode>
						</NS1:dayOfWeekType>
						<NS1:openingTime>09:00:00</NS1:openingTime>
						<NS1:closingTime>13:00:00</NS1:closingTime>
					</NS1:openingDay>
					<NS1:searchDistance>1.3</NS1:searchDistance>
				</NS1:location>
				<NS1:location>
					<NS1:organisationName>Post Office Limited</NS1:organisationName>
					<NS1:locationPosition>
						<geoDeticSystem>
							<systemNameCode>
								<code>WGS84</code>
							</systemNameCode>
						</geoDeticSystem>
						<longitude>0.12075</longitude>
						<latitude>51.48960</latitude>
					</NS1:locationPosition>
					<NS1:locationName>Abbey Wood</NS1:locationName>
					<NS1:address>
						<addressLine1>90 Abbey Wood Road</addressLine1>
						<addressLine4>London</addressLine4>
						<county>
							<countyCode>
								<name>Greater London</name>
							</countyCode>
						</county>
						<postcode>SE29NN</postcode>
					</NS1:address>
					<NS1:lCAvailability>true</NS1:lCAvailability>
					<NS1:lCBookingReference>717578360436002007261113RM0141wNZEp</NS1:lCBookingReference>
					<NS1:openingDay>
						<NS1:dayOfWeekType>
							<dayOfWeekCode>
								<name>Monday</name>
							</dayOfWeekCode>
						</NS1:dayOfWeekType>
						<NS1:openingTime>08:45:00</NS1:openingTime>
						<NS1:closingTime>17:30:00</NS1:closingTime>
					</NS1:openingDay>"
"               <NS1:openingDay>
						<NS1:dayOfWeekType>
							<dayOfWeekCode>
								<name>Tuesday</name>
							</dayOfWeekCode>
						</NS1:dayOfWeekType>
						<NS1:openingTime>09:15:00</NS1:openingTime>
						<NS1:closingTime>17:30:00</NS1:closingTime>
					</NS1:openingDay>
					<NS1:openingDay>
						<NS1:dayOfWeekType>
							<dayOfWeekCode>
								<name>Wednesday</name>
							</dayOfWeekCode>
						</NS1:dayOfWeekType>
						<NS1:openingTime>09:00:00</NS1:openingTime>
						<NS1:closingTime>17:30:00</NS1:closingTime>
					</NS1:openingDay>
					<NS1:openingDay>
						<NS1:dayOfWeekType>
							<dayOfWeekCode>
								<name>Thursday</name>
							</dayOfWeekCode>
						</NS1:dayOfWeekType>
						<NS1:openingTime>09:00:00</NS1:openingTime>
						<NS1:closingTime>17:30:00</NS1:closingTime>
					</NS1:openingDay>
					<NS1:openingDay>
						<NS1:dayOfWeekType>
							<dayOfWeekCode>
								<name>Friday</name>
							</dayOfWeekCode>
						</NS1:dayOfWeekType>
						<NS1:openingTime>09:00:00</NS1:openingTime>
						<NS1:closingTime>17:30:00</NS1:closingTime>
					</NS1:openingDay>
					<NS1:openingDay>
						<NS1:dayOfWeekType>
							<dayOfWeekCode>
								<name>Saturday</name>
							</dayOfWeekCode>
						</NS1:dayOfWeekType>
						<NS1:openingTime>09:00:00</NS1:openingTime>
						<NS1:closingTime>12:30:00</NS1:closingTime>
					</NS1:openingDay>
					<NS1:searchDistance>1.4</NS1:searchDistance>
				</NS1:location>
				<NS1:location>
					<NS1:organisationName>Post Office Limited</NS1:organisationName>
					<NS1:locationPosition>
						<geoDeticSystem>
							<systemNameCode>
								<code>WGS84</code>
							</systemNameCode>
						</geoDeticSystem>
						<longitude>0.10418</longitude>
						<latitude>51.52861</latitude>
					</NS1:locationPosition>
					<NS1:locationName>Thames View</NS1:locationName>
					<NS1:address>
						<addressLine1>1 Farr Avenue</addressLine1>
						<addressLine4>Barking</addressLine4>
						<county>
							<countyCode>
								<name>Essex</name>
							</countyCode>
						</county>
						<postcode>IG110NY</postcode>
					</NS1:address>
					<NS1:lCAvailability>true</NS1:lCAvailability>
					<NS1:lCBookingReference>102511194348182026261113RM0161QWNeI</NS1:lCBookingReference>
					<NS1:openingDay>
						<NS1:dayOfWeekType>
							<dayOfWeekCode>
								<name>Monday</name>
							</dayOfWeekCode>
						</NS1:dayOfWeekType>
						<NS1:openingTime>08:30:00</NS1:openingTime>
						<NS1:closingTime>17:00:00</NS1:closingTime>
					</NS1:openingDay>
					<NS1:openingDay>
						<NS1:dayOfWeekType>
							<dayOfWeekCode>
								<name>Tuesday</name>
							</dayOfWeekCode>
						</NS1:dayOfWeekType>
						<NS1:openingTime>08:30:00</NS1:openingTime>
						<NS1:closingTime>17:00:00</NS1:closingTime>
					</NS1:openingDay>
					<NS1:openingDay>
						<NS1:dayOfWeekType>
							<dayOfWeekCode>
								<name>Wednesday</name>
							</dayOfWeekCode>
						</NS1:dayOfWeekType>
						<NS1:openingTime>08:30:00</NS1:openingTime>
						<NS1:closingTime>17:00:00</NS1:closingTime>
					</NS1:openingDay>
					<NS1:openingDay>
						<NS1:dayOfWeekType>
							<dayOfWeekCode>
								<name>Thursday</name>
							</dayOfWeekCode>
						</NS1:dayOfWeekType>
						<NS1:openingTime>08:30:00</NS1:openingTime>
						<NS1:closingTime>17:00:00</NS1:closingTime>
					</NS1:openingDay>
					<NS1:openingDay>
						<NS1:dayOfWeekType>
							<dayOfWeekCode>
								<name>Friday</name>
							</dayOfWeekCode>
						</NS1:dayOfWeekType>
						<NS1:openingTime>08:30:00</NS1:openingTime>
						<NS1:closingTime>17:00:00</NS1:closingTime>
					</NS1:openingDay>
					<NS1:openingDay>
						<NS1:dayOfWeekType>
							<dayOfWeekCode>
								<name>Saturday</name>
							</dayOfWeekCode>
						</NS1:dayOfWeekType>
						<NS1:openingTime>08:30:00</NS1:openingTime>
						<NS1:closingTime>12:30:00</NS1:closingTime>
					</NS1:openingDay>
					<NS1:searchDistance>1.6</NS1:searchDistance>
				</NS1:location>
				<NS1:location>
					<NS1:organisationName>Post Office Limited</NS1:organisationName>
					<NS1:locationPosition>
						<geoDeticSystem>
							<systemNameCode>
								<code>WGS84</code>
							</systemNameCode>
						</geoDeticSystem>
						<longitude>0.14617</longitude>
						<latitude>51.53206</latitude>
					</NS1:locationPosition>
					<NS1:locationName>Goresbrook Road</NS1:locationName>
					<NS1:address>
						<addressLine1>19 Goresbrook Road</addressLine1>
						<addressLine4>Dagenham</addressLine4>
						<county>
							<countyCode>
								<name>Essex</name>
							</countyCode>
						</county>
						<postcode>RM96UX</postcode>
					</NS1:address>
					<NS1:lCAvailability>true</NS1:lCAvailability>
					<NS1:lCBookingReference>307533583044076026261113RM0171zlBg4</NS1:lCBookingReference>
					<NS1:openingDay>
						<NS1:dayOfWeekType>
							<dayOfWeekCode>
								<name>Monday</name>
							</dayOfWeekCode>
						</NS1:dayOfWeekType>
						<NS1:openingTime>05:00:00</NS1:openingTime>
						<NS1:closingTime>22:00:00</NS1:closingTime>
					</NS1:openingDay>
					<NS1:openingDay>
						<NS1:dayOfWeekType>
							<dayOfWeekCode>
								<name>Tuesday</name>
							</dayOfWeekCode>
						</NS1:dayOfWeekType>
						<NS1:openingTime>05:00:00</NS1:openingTime>
						<NS1:closingTime>22:00:00</NS1:closingTime>
					</NS1:openingDay>
					<NS1:openingDay>
						<NS1:dayOfWeekType>
							<dayOfWeekCode>
								<name>Wednesday</name>
							</dayOfWeekCode>
						</NS1:dayOfWeekType>
						<NS1:openingTime>05:00:00</NS1:openingTime>
						<NS1:closingTime>22:00:00</NS1:closingTime>
					</NS1:openingDay>
					<NS1:openingDay>
						<NS1:dayOfWeekType>
							<dayOfWeekCode>
								<name>Thursday</name>
							</dayOfWeekCode>
						</NS1:dayOfWeekType>
						<NS1:openingTime>05:00:00</NS1:openingTime>
						<NS1:closingTime>22:00:00</NS1:closingTime>
					</NS1:openingDay>
					<NS1:openingDay>
						<NS1:dayOfWeekType>
							<dayOfWeekCode>
								<name>Friday</name>
							</dayOfWeekCode>
						</NS1:dayOfWeekType>
						<NS1:openingTime>05:00:00</NS1:openingTime>
						<NS1:closingTime>22:00:00</NS1:closingTime>
					</NS1:openingDay>
					<NS1:openingDay>
						<NS1:dayOfWeekType>
							<dayOfWeekCode>
								<name>Saturday</name>
							</dayOfWeekCode>
						</NS1:dayOfWeekType>
						<NS1:openingTime>06:00:00</NS1:openingTime>
						<NS1:closingTime>22:00:00</NS1:closingTime>
					</NS1:openingDay>
					<NS1:openingDay>
						<NS1:dayOfWeekType>
							<dayOfWeekCode>
								<name>Sunday</name>
							</dayOfWeekCode>
						</NS1:dayOfWeekType>
						<NS1:openingTime>07:30:00</NS1:openingTime>
						<NS1:closingTime>22:00:00</NS1:closingTime>
					</NS1:openingDay>
					<NS1:searchDistance>1.7</NS1:searchDistance>
				</NS1:location>
				<NS1:location>
					<NS1:organisationName>Post Office Limited</NS1:organisationName>
					<NS1:locationPosition>
						<geoDeticSystem>
							<systemNameCode>
								<code>WGS84</code>
							</systemNameCode>
						</geoDeticSystem>
						<longitude>0.11109</longitude>
						<latitude>51.53529</latitude>
					</NS1:locationPosition>
					<NS1:locationName>Lodge Avenue</NS1:locationName>
					<NS1:address>
						<addressLine1>442- 444 Lodge Avenue</addressLine1>
						<addressLine4>Dagenham</addressLine4>
						<county>
							<countyCode>
								<name>Essex</name>
							</countyCode>
						</county>
						<postcode>RM94QS</postcode>
					</NS1:address>
					<NS1:lCAvailability>true</NS1:lCAvailability>
					<NS1:lCBookingReference>922600749132116458261113RM0191OOhAb</NS1:lCBookingReference>
					<NS1:openingDay>
						<NS1:dayOfWeekType>
							<dayOfWeekCode>
								<name>Monday</name>
							</dayOfWeekCode>
						</NS1:dayOfWeekType>
						<NS1:openingTime>09:00:00</NS1:openingTime>
						<NS1:closingTime>21:30:00</NS1:closingTime>
					</NS1:openingDay>
					<NS1:openingDay>
						<NS1:dayOfWeekType>
							<dayOfWeekCode>
								<name>Tuesday</name>
							</dayOfWeekCode>
						</NS1:dayOfWeekType>
						<NS1:openingTime>09:00:00</NS1:openingTime>
						<NS1:closingTime>21:30:00</NS1:closingTime>
					</NS1:openingDay>
					<NS1:openingDay>
						<NS1:dayOfWeekType>
							<dayOfWeekCode>
								<name>Wednesday</name>
							</dayOfWeekCode>
						</NS1:dayOfWeekType>
						<NS1:openingTime>09:00:00</NS1:openingTime>
						<NS1:closingTime>21:30:00</NS1:closingTime>
					</NS1:openingDay>
					<NS1:openingDay>
						<NS1:dayOfWeekType>
							<dayOfWeekCode>
								<name>Thursday</name>
							</dayOfWeekCode>
						</NS1:dayOfWeekType>
						<NS1:openingTime>09:00:00</NS1:openingTime>
						<NS1:closingTime>21:30:00</NS1:closingTime>
					</NS1:openingDay>
					<NS1:openingDay>
						<NS1:dayOfWeekType>
							<dayOfWeekCode>
								<name>Friday</name>
							</dayOfWeekCode>
						</NS1:dayOfWeekType>
						<NS1:openingTime>09:00:00</NS1:openingTime>
						<NS1:closingTime>21:30:00</NS1:closingTime>
					</NS1:openingDay>
					<NS1:openingDay>
						<NS1:dayOfWeekType>
							<dayOfWeekCode>
								<name>Saturday</name>
							</dayOfWeekCode>
						</NS1:dayOfWeekType>
						<NS1:openingTime>09:00:00</NS1:openingTime>
						<NS1:closingTime>21:30:00</NS1:closingTime>
					</NS1:openingDay>
					<NS1:openingDay>
						<NS1:dayOfWeekType>
							<dayOfWeekCode>
								<name>Sunday</name>
							</dayOfWeekCode>
						</NS1:dayOfWeekType>
						<NS1:openingTime>10:30:00</NS1:openingTime>
						<NS1:closingTime>14:00:00</NS1:closingTime>
					</NS1:openingDay>
					<NS1:searchDistance>1.9</NS1:searchDistance>
				</NS1:location>
				<NS1:location>
					<NS1:organisationName>Post Office Limited</NS1:organisationName>
					<NS1:locationPosition>
						<geoDeticSystem>
							<systemNameCode>
								<code>WGS84</code>
							</systemNameCode>
						</geoDeticSystem>
						<longitude>0.12722</longitude>
						<latitude>51.53893</latitude>
					</NS1:locationPosition>
					<NS1:locationName>Woodward Road</NS1:locationName>
					<NS1:address>
						<addressLine1>8-10 Woodward Road</addressLine1>
						<addressLine4>Dagenham</addressLine4>
						<county>
							<countyCode>
								<name>Essex</name>
							</countyCode>
						</county>
						<postcode>RM94SH</postcode>
					</NS1:address>
					<NS1:lCAvailability>true</NS1:lCAvailability>
					<NS1:lCBookingReference>922600749132085026261113RM0201gEDTM</NS1:lCBookingReference>
					<NS1:openingDay>
						<NS1:dayOfWeekType>
							<dayOfWeekCode>
								<name>Monday</name>
							</dayOfWeekCode>
						</NS1:dayOfWeekType>
						<NS1:openingTime>07:00:00</NS1:openingTime>
						<NS1:closingTime>21:00:00</NS1:closingTime>
					</NS1:openingDay>
					<NS1:openingDay>
						<NS1:dayOfWeekType>
							<dayOfWeekCode>
								<name>Tuesday</name>
							</dayOfWeekCode>
						</NS1:dayOfWeekType>
						<NS1:openingTime>07:00:00</NS1:openingTime>
						<NS1:closingTime>21:00:00</NS1:closingTime>
					</NS1:openingDay>
					<NS1:openingDay>
						<NS1:dayOfWeekType>
							<dayOfWeekCode>
								<name>Wednesday</name>
							</dayOfWeekCode>
						</NS1:dayOfWeekType>
						<NS1:openingTime>07:00:00</NS1:openingTime>
						<NS1:closingTime>21:00:00</NS1:closingTime>
					</NS1:openingDay>
					<NS1:openingDay>
						<NS1:dayOfWeekType>
							<dayOfWeekCode>
								<name>Thursday</name>
							</dayOfWeekCode>
						</NS1:dayOfWeekType>
						<NS1:openingTime>07:00:00</NS1:openingTime>
						<NS1:closingTime>21:00:00</NS1:closingTime>
					</NS1:openingDay>
					<NS1:openingDay>
						<NS1:dayOfWeekType>
							<dayOfWeekCode>
								<name>Friday</name>
							</dayOfWeekCode>
						</NS1:dayOfWeekType>
						<NS1:openingTime>07:00:00</NS1:openingTime>
						<NS1:closingTime>21:00:00</NS1:closingTime>
					</NS1:openingDay>
					<NS1:openingDay>
						<NS1:dayOfWeekType>
							<dayOfWeekCode>
								<name>Saturday</name>
							</dayOfWeekCode>
						</NS1:dayOfWeekType>
						<NS1:openingTime>07:00:00</NS1:openingTime>
						<NS1:closingTime>21:00:00</NS1:closingTime>
					</NS1:openingDay>
					<NS1:openingDay>
						<NS1:dayOfWeekType>
							<dayOfWeekCode>
								<name>Sunday</name>
							</dayOfWeekCode>
						</NS1:dayOfWeekType>
						<NS1:openingTime>09:00:00</NS1:openingTime>
						<NS1:closingTime>19:00:00</NS1:closingTime>
					</NS1:openingDay>
					<NS1:searchDistance>2.0</NS1:searchDistance>
				</NS1:location>
				<NS1:location>
					<NS1:organisationName>Post Office Limited</NS1:organisationName>
					<NS1:locationPosition>
						<geoDeticSystem>
							<systemNameCode>
								<code>WGS84</code>
							</systemNameCode>
						</geoDeticSystem>
						<longitude>0.16214</longitude>
						<latitude>51.49004</latitude>
					</NS1:locationPosition>
					<NS1:locationName>Lower Road</NS1:locationName>
					<NS1:address>
						<addressLine1>94 Lower Road</addressLine1>
						<addressLine4>Belvedere</addressLine4>
						<county>
							<countyCode>
								<name>Kent</name>
							</countyCode>
						</county>
						<postcode>DA176DZ</postcode>
					</NS1:address>
					<NS1:lCAvailability>false</NS1:lCAvailability>
					<NS1:lCBookingReference>999999999999999999999999XX99XXXXXX</NS1:lCBookingReference>
					<NS1:openingDay>
						<NS1:dayOfWeekType>
							<dayOfWeekCode>
								<name>Monday</name>
							</dayOfWeekCode>
						</NS1:dayOfWeekType>
						<NS1:openingTime>06:00:00</NS1:openingTime>
						<NS1:closingTime>20:00:00</NS1:closingTime>
					</NS1:openingDay>
					<NS1:openingDay>
						<NS1:dayOfWeekType>
							<dayOfWeekCode>
								<name>Tuesday</name>
							</dayOfWeekCode>
						</NS1:dayOfWeekType>
						<NS1:openingTime>06:00:00</NS1:openingTime>
						<NS1:closingTime>20:00:00</NS1:closingTime>
					</NS1:openingDay>
					<NS1:openingDay>
						<NS1:dayOfWeekType>
							<dayOfWeekCode>
								<name>Wednesday</name>
							</dayOfWeekCode>
						</NS1:dayOfWeekType>
						<NS1:openingTime>06:00:00</NS1:openingTime>
						<NS1:closingTime>20:00:00</NS1:closingTime>
					</NS1:openingDay>
					<NS1:openingDay>
						<NS1:dayOfWeekType>
							<dayOfWeekCode>
								<name>Thursday</name>
							</dayOfWeekCode>
						</NS1:dayOfWeekType>
						<NS1:openingTime>06:00:00</NS1:openingTime>
						<NS1:closingTime>20:00:00</NS1:closingTime>
					</NS1:openingDay>
					<NS1:openingDay>
						<NS1:dayOfWeekType>
							<dayOfWeekCode>
								<name>Friday</name>
							</dayOfWeekCode>
						</NS1:dayOfWeekType>
						<NS1:openingTime>06:00:00</NS1:openingTime>
						<NS1:closingTime>20:00:00</NS1:closingTime>
					</NS1:openingDay>
					<NS1:openingDay>
						<NS1:dayOfWeekType>
							<dayOfWeekCode>
								<name>Saturday</name>
							</dayOfWeekCode>
						</NS1:dayOfWeekType>
						<NS1:openingTime>06:00:00</NS1:openingTime>
						<NS1:closingTime>20:00:00</NS1:closingTime>
					</NS1:openingDay>
					<NS1:openingDay>
						<NS1:dayOfWeekType>
							<dayOfWeekCode>
								<name>Sunday</name>
							</dayOfWeekCode>
						</NS1:dayOfWeekType>
						<NS1:openingTime>06:00:00</NS1:openingTime>
						<NS1:closingTime>15:00:00</NS1:closingTime>
					</NS1:openingDay>
					<NS1:searchDistance>2.0</NS1:searchDistance>
				</NS1:location>
			</NS1:locations>
		</NS1:GetLCDeliveryLocationsResponse>
	</soapenv:Body>
</soapenv:Envelope>
