<soapenv:Envelope xmlns:soapenv="http://schemas.xmlsoap.org/soap/envelope/">
	<soapenv:Body>
		<NS1:GetLCDeliveryLocationsResponse xmlns:NS1="http://www.royalmailgroup.com/API/LocalCollect/V2.0">
			<NS2:integrationHeader xmlns:NS2="http://www.royalmailgroup.com/integration/core/V1">
				<NS2:date>2013-11-25</NS2:date>
				<NS2:version>1.0</NS2:version>
				<NS2:identification>
					<NS2:applicationId>RoyalMailGroup</NS2:applicationId>
					<NS2:transactionId>ec883cdc-5609-11e3-9b09-ac14a0b80000</NS2:transactionId>
				</NS2:identification>
			</NS2:integrationHeader>
			<NS1:errorResponse>
				<NS1:errorCode>
					<NS1:code>E1001</NS1:code>
					<NS1:description>Postcode XX99 9XX invalid</NS1:description>
				</NS1:errorCode>
				<NS1:errorCause>Postcode is not a recognised UK Postcode</NS1:errorCause>
				<NS1:errorResolution>Resubmit query with a valid Postcode. Alternatively submit with valid Latitude/Longitude coordinates</NS1:errorResolution>
			</NS1:errorResponse>
		</NS1:GetLCDeliveryLocationsResponse>
	</soapenv:Body>
</soapenv:Envelope>
