<soapenv:Envelope xmlns:soapenv="http://schemas.xmlsoap.org/soap/envelope/" xmlns:v2="http://www.royalmailgroup.com/API/LocalCollect/V2.0" xmlns:v1="http://www.royalmailgroup.com/integration/core/V1">
	<soapenv:Header/>
	<soapenv:Body>
		<v2:GetLCDeliveryLocationsRequest>
			<v1:integrationHeader>
				<v1:identification>
					<v1:applicationId>1234567890</v1:applicationId>
					<v1:transactionId>1234567890</v1:transactionId>
				</v1:identification>
			</v1:integrationHeader>
			<v2:searchPostcode>NN. 4LH</v2:searchPostcode>
			<v2:radius>2</v2:radius>
			<v2:estimatedDeliveryDate>2013-11-26</v2:estimatedDeliveryDate>
		</v2:GetLCDeliveryLocationsRequest>
	</soapenv:Body>
</soapenv:Envelope>
