<?xml version="1.0" encoding="UTF-8"?>
<soapenv:Envelope xmlns:soapenv="http://schemas.xmlsoap.org/soap/envelope/" xmlns:lc="http://www.royalmailgroup.com/API/LocalCollect/V2.0">
  <soapenv:Body>
    <soapenv:Fault>
      <faultcode>Server</faultcode>
      <faultstring>Service Unavailable</faultstring>
      <detail>
        <lc:details>
          <lc:code>E0010</lc:code>
          <lc:description>Configured Throttling Rate for Service Exceeded. Please try again later.</lc:description>
        </lc:details>
      </detail>
    </soapenv:Fault>
  </soapenv:Body>
</soapenv:Envelope> 