<?xml version="1.0" encoding="UTF-8"?>
<soapenv:Envelope xmlns:soapenv="http://schemas.xmlsoap.org/soap/envelope/" xmlns:lc="http://www.royalmailgroup.com/API/LocalCollect/V2.0">
  <soapenv:Body>
    <soapenv:Fault>
      <faultcode>Client</faultcode>
      <faultstring>Invalid Request</faultstring>
      <detail>
        <lc:details>
          <lc:code>E0004</lc:code>
          <lc:description>Failed Schema Validation</lc:description>
        </lc:details>
      </detail>
    </soapenv:Fault>
  </soapenv:Body>
</soapenv:Envelope> 