<?xml version="1.0" encoding="UTF-8"?>
<soapenv:Envelope xmlns:soapenv="http://schemas.xmlsoap.org/soap/envelope/" xmlns:lc="http://www.royalmailgroup.com/API/LocalCollect/V2.0">
  <soapenv:Body>
    <soapenv:Fault>
      <faultcode>Server</faultcode>
      <faultstring>An Unknown Service Error</faultstring>
      <detail>
        <lc:details>
          <lc:code>E0003</lc:code>
          <lc:description>Service is unavailable due to an unknown reason. Contact RMG Customer Experience Team.</lc:description>
        </lc:details>
      </detail>
    </soapenv:Fault>
  </soapenv:Body>
</soapenv:Envelope> 
