<soapenv:Envelope xmlns:soapenv="http://schemas.xmlsoap.org/soap/envelope/" xmlns:v1="http://www.royalmailgroup.com/integration/core/V1" xmlns:v11="http://www.royalmailgroup.com/api/CustomDeclarationAPI/V1" xmlns:tem="http://tempuri.org/" xmlns:cds="http://schemas.datacontract.org/2004/07/CDS.BusinessLayer.Operational" xmlns:ptc="http://schemas.datacontract.org/2004/07/PTC.BusinessLayer.Core" xmlns:arr="http://schemas.microsoft.com/2003/10/Serialization/Arrays">
   <soapenv:Header>
      <v1:integrationHeader>
         <v1:identification>
            <v1:applicationId>00bd11e6</v1:applicationId>
            <v1:transactionId>221c16f6</v1:transactionId>
         </v1:identification>
      </v1:integrationHeader>
   </soapenv:Header>
   <soapenv:Body>
      <v11:CDSCreateOrUpdateDeclarationsRequest>
         <tem:CreateOrUpdateDeclarations>
            <tem:securityToken>7163858e-8891-43c9-a2f8-5ea9fc8bda8c</tem:securityToken>
            <tem:cdsViews>
               <cds:CDSView>
                  <ptc:entityState>1</ptc:entityState>
                  <cds:Declaration>
                     <ptc:entityState>1</ptc:entityState>
                     <cds:CDSStateCd>3</cds:CDSStateCd>
                  </cds:Declaration>
               </cds:CDSView>
            </tem:cdsViews>
            <tem:userCd>GB_Upload</tem:userCd>
         </tem:CreateOrUpdateDeclarations>
      </v11:CDSCreateOrUpdateDeclarationsRequest>
   </soapenv:Body>
</soapenv:Envelope>