<NS1:Envelope xmlns:NS1="http://schemas.xmlsoap.org/soap/envelope/" xmlns:v1="http://www.royalmailgroup.com/integration/core/V1">
   <NS1:Header>
      <v1:integrationHeader>
         <v1:identification>
            <v1:applicationId>00bd11e6</v1:applicationId>
            <v1:transactionId>221c16f6</v1:transactionId>
         </v1:identification>
      </v1:integrationHeader>
   </NS1:Header>
   <NS1:Body>
      <NS2:CDSCreateOrUpdateDeclarationsResponse xmlns:NS2="http://www.royalmailgroup.com/api/CustomDeclarationAPI/V1">
         <CreateOrUpdateDeclarationsResponse xmlns="http://tempuri.org/"/>
      </NS2:CDSCreateOrUpdateDeclarationsResponse>
   </NS1:Body>
</NS1:Envelope>