<NS1:Envelope xmlns:NS1="http://schemas.xmlsoap.org/soap/envelope/" xmlns:v1="http://www.royalmailgroup.com/integration/core/V1">
   <NS1:Header>
      <v1:integrationHeader>
         <v1:identification>
            <v1:applicationId>00bd11e6</v1:applicationId>
            <v1:transactionId>221c16f6</v1:transactionId>
         </v1:identification>
      </v1:integrationHeader>
   </NS1:Header>
   <NS1:Body>
      <NS2:CDSGetHSCodesResponse xmlns:NS2="http://www.royalmailgroup.com/api/CustomDeclarationAPI/V1">
         <GetHSCodesResponse xmlns="http://tempuri.org/">
            <GetHSCodesResult xmlns:b="http://schemas.datacontract.org/2004/07/CDS.BusinessLayer.Operational" xmlns:i="http://www.w3.org/2001/XMLSchema-instance">
               <b:HSLookupInfo>
                  <b:HSCode>640110</b:HSCode>
                  <b:Observations>Shoes/Chaussures</b:Observations>
               </b:HSLookupInfo>
            </GetHSCodesResult>
         </GetHSCodesResponse>
      </NS2:CDSGetHSCodesResponse>
   </NS1:Body>
</NS1:Envelope>