<soapenv:Envelope xmlns:soapenv="http://schemas.xmlsoap.org/soap/envelope/" xmlns:v1="http://www.royalmailgroup.com/integration/core/V1" xmlns:v11="http://www.royalmailgroup.com/api/CustomDeclarationAPI/V1" xmlns:tem="http://tempuri.org/">
   <soapenv:Header>
      <v1:integrationHeader>
         <v1:identification>
            <v1:applicationId>00bd11e6</v1:applicationId>
            <v1:transactionId>221c16f6</v1:transactionId>
         </v1:identification>
      </v1:integrationHeader>
   </soapenv:Header>
   <soapenv:Body>
      <v11:CDSGetHSCodesRequest>
         <tem:GetHSCodes>
            <tem:goodDescription>Shoe</tem:goodDescription>
         </tem:GetHSCodes>
      </v11:CDSGetHSCodesRequest>
   </soapenv:Body>
</soapenv:Envelope>