<NS1:Envelope xmlns:NS1="http://schemas.xmlsoap.org/soap/envelope/" xmlns:v1="http://www.royalmailgroup.com/integration/core/V1">
   <NS1:Header>
      <v1:integrationHeader>
         <v1:identification>
            <v1:applicationId>abc123</v1:applicationId>
            <v1:transactionId>abc456</v1:transactionId>
         </v1:identification>
      </v1:integrationHeader>
   </NS1:Header>
   <NS1:Body>
      <NS2:CDSGetRestrictionProhibitionByHSResponse xmlns:NS2="http://www.royalmailgroup.com/api/CustomDeclarationAPI/V1">
         <GetRestrictionProhibitionByHSResponse xmlns="http://tempuri.org/">
            <GetRestrictionProhibitionByHSResult i:nil="true" xmlns:b="http://schemas.datacontract.org/2004/07/CDS.BusinessLayer.Management" xmlns:i="http://www.w3.org/2001/XMLSchema-instance"/>
         </GetRestrictionProhibitionByHSResponse>
      </NS2:CDSGetRestrictionProhibitionByHSResponse>
   </NS1:Body>
</NS1:Envelope>