<soapenv:Envelope xmlns:soapenv="http://schemas.xmlsoap.org/soap/envelope/" xmlns:v1="http://www.royalmailgroup.com/integration/core/V1" xmlns:v11="http://www.royalmailgroup.com/api/CustomDeclarationAPI/V1" xmlns:tem="http://tempuri.org/">
   <soapenv:Header>
      <v1:integrationHeader>
         <v1:identification>
            <v1:applicationId>abc123</v1:applicationId>
            <v1:transactionId>abc456</v1:transactionId>
         </v1:identification>
      </v1:integrationHeader>
   </soapenv:Header>
   <soapenv:Body>
      <v11:CDSGetRestrictionProhibitionByHSRequest>
         <tem:GetRestrictionProhibitionByHS>
            <tem:destinationPostalOrgCd>123</tem:destinationPostalOrgCd>
            <tem:sendingCountryCd>BG</tem:sendingCountryCd>
            <tem:goodHSCode>2401</tem:goodHSCode>
         </tem:GetRestrictionProhibitionByHS>
      </v11:CDSGetRestrictionProhibitionByHSRequest>
   </soapenv:Body>
</soapenv:Envelope>