<soapenv:Envelope xmlns:soapenv="http://schemas.xmlsoap.org/soap/envelope/" xmlns:v1="http://www.royalmailgroup.com/integration/core/V1" xmlns:v11="http://www.royalmailgroup.com/api/CustomDeclarationAPI/V1" xmlns:tem="http://tempuri.org/">
   <soapenv:Header>
      <v1:integrationHeader>
         <v1:identification>
            <v1:applicationId>NAME</v1:applicationId>
            <v1:transactionId>0000</v1:transactionId>
         </v1:identification>
      </v1:integrationHeader>
   </soapenv:Header>
   <soapenv:Body>
      <v11:CDSGetRestrictionProhibitionByDescriptionRequest>
         <tem:GetRestrictionProhibitionByDescription>
            <tem:destinationPostalOrgCd>1234</tem:destinationPostalOrgCd>
            <tem:sendingCountryCd>GB</tem:sendingCountryCd>
            <tem:goodDescription>Shoe</tem:goodDescription>
         </tem:GetRestrictionProhibitionByDescription>
      </v11:CDSGetRestrictionProhibitionByDescriptionRequest>
   </soapenv:Body>
</soapenv:Envelope>