<soap:Envelope xmlns:soap="http://schemas.xmlsoap.org/soap/envelope/">
   <soap:Body>
      <soap:Fault>
         <faultcode>Client</faultcode>
         <faultstring>Invalid Request</faultstring>
         <faultactor>W000006-729-I200552</faultactor>
         <detail>
            <exceptionTransactionId>01ed2f94-8d3f-4a4a-a24c-db7cf1ba6df5</exceptionTransactionId>
            <exceptionCode>E0004</exceptionCode>
            <exceptionText>Failed Schema Validation</exceptionText>
         </detail>
      </soap:Fault>
   </soap:Body>
</soap:Envelope>