<?xml version="1.0" encoding="UTF-8"?>
<ns:createBagRequest xmlns:dt="http://www.royalmailgroup.com/cm/rmDatatypes/V1" xmlns:int="http://www.royalmailgroup.com/integration/core/V3" xmlns:ns="http://www.royalmailgroup.com/api/international/shipment/V1" xmlns:xsi="http://www.w3.org/2001/XMLSchema-instance" xsi:schemaLocation="http://www.royalmailgroup.com/api/international/shipment/V1 InternationalShippingAPI_V1_APIM.xsd ">
  <ns:bagContent>
    <ns:confirmType>1</ns:confirmType>

    <ns:trackingNumber>TES100712901000930209</ns:trackingNumber>
   
  </ns:bagContent>
  <ns:numberOfBagLabels>1</ns:numberOfBagLabels>
  <ns:labelType>PDF</ns:labelType>
</ns:createBagRequest>