<ns:createShipmentRequest xmlns:dt="http://www.royalmailgroup.com/cm/rmDatatypes/V1" xmlns:int="http://www.royalmailgroup.com/integration/core/V3" xmlns:ns="http://www.royalmailgroup.com/api/international/shipment/V1" xmlns:xsi="http://www.w3.org/2001/XMLSchema-instance" xsi:schemaLocation="http://www.royalmailgroup.com/api/international/shipment/V1 InternationalShippingAPI_V1_APIM.xsd ">
  <ns:shipment>
    <ns:shipper>
      <ns:companyName>INTERSOFT</ns:companyName>
      <ns:addressLine1>THE MILL STUDIO</ns:addressLine1>
      <ns:addressLine2>HORTON ROAD</ns:addressLine2>
      <ns:addressLine3></ns:addressLine3>
      <ns:city>STANWELL MOOR</ns:city>
      <ns:county>MIDX</ns:county>
      <ns:countryCode>GB</ns:countryCode>
      <ns:postCode>TW19 6BJ</ns:postCode>
      <ns:contactName>ARNOLD</ns:contactName>
      <ns:phoneNumber>017536892921234567891</ns:phoneNumber>
      <ns:vatNumber>GB123456912345678</ns:vatNumber>
      <ns:emailAddress>SUPPORT@INTERSOFT.CO.UK</ns:emailAddress>
      <ns:reference>INPSAUSSSYD</ns:reference>
      <ns:departmentCode></ns:departmentCode>
    </ns:shipper>
    <ns:destination>
      <ns:companyName>12345678901234567890123456789012345</ns:companyName>
      <ns:addressLine1>11 Town Terrace</ns:addressLine1>
      <ns:addressLine2></ns:addressLine2>
      <ns:addressLine3></ns:addressLine3>
      <ns:city>Glenmore Park</ns:city>
      <ns:county>NSW</ns:county>
      <ns:countryCode>AU</ns:countryCode>
      <ns:postCode>2745</ns:postCode>
      <ns:contactName>ARNOLD</ns:contactName>
      <ns:phoneNumber>1545554455</ns:phoneNumber>
      <ns:vatNumber>GB123456912345678</ns:vatNumber>
      <ns:emailAddress>arnold.christian@intersoft.co.uk</ns:emailAddress>
    </ns:destination>
    <ns:shipmentDetail>
      <ns:shipmentDate>2011-07-14</ns:shipmentDate>
      <ns:serviceCode>INPS</ns:serviceCode>
      <ns:totalPieces>1</ns:totalPieces>
      <ns:totalWeight>5</ns:totalWeight>
      <ns:weightUOM>K</ns:weightUOM>
      <ns:dimensions>
        <ns:uom>C</ns:uom>
        <ns:length>20</ns:length>
        <ns:width>20</ns:width>
        <ns:height>20</ns:height>
      </ns:dimensions>
      <ns:contentTypeCode>NDX</ns:contentTypeCode>
      <ns:descriptionOfGoods>SKIN CARE</ns:descriptionOfGoods>
      <ns:declaredCurrencyValue>80.33</ns:declaredCurrencyValue>
      <ns:declaredCurrencyCode>GBP</ns:declaredCurrencyCode>
      <ns:incotermsCode>DDU</ns:incotermsCode>
      <ns:itemDetail>
        <ns:hsCode>999999999</ns:hsCode>
        <ns:description>FOREO LUNA MINI</ns:description>
        <ns:quantity>1</ns:quantity>
        <ns:currencyValue>52.33</ns:currencyValue>
        <ns:countryOfOrigin>GB</ns:countryOfOrigin>
        <ns:sku></ns:sku>
        <ns:netWeight>1</ns:netWeight>
      </ns:itemDetail>
	  <ns:itemDetail>
        <ns:hsCode>999999999</ns:hsCode>
        <ns:description>FOREO LUNA MINI</ns:description>
        <ns:quantity>1</ns:quantity>
        <ns:currencyValue>52.33</ns:currencyValue>
        <ns:countryOfOrigin>GB</ns:countryOfOrigin>
        <ns:sku></ns:sku>
        <ns:netWeight>1</ns:netWeight>
      </ns:itemDetail>
    </ns:shipmentDetail>
  </ns:shipment>
</ns:createShipmentRequest>