<trackingResponse xmlns="http://www.royalmailgroup.com/api/international/shipment/V1">
   <integrationHeader>
      <dateTime>2016-11-07T16:26:31</dateTime>
      <transactionId>ec1b7419-179b-4b3c-99e1-7cd662b83a93</transactionId>
      <applicationId>0069786000</applicationId>
   </integrationHeader>
   <trackingNumber>9205590165863400046676</trackingNumber>
   <events>
      <event>
         <eventDateTime>2016-06-16 12:19:43</eventDateTime>
         <eventLocation>GB</eventLocation>
         <eventType>T</eventType>
         <eventDescription>DATA PROCESSED</eventDescription>
         <eventCode/>
      </event>
      <event>
         <eventDateTime>2016-06-16 12:22:07</eventDateTime>
         <eventLocation>GB</eventLocation>
         <eventType>T</eventType>
         <eventDescription>ARRIVED AT INTL - LHR</eventDescription>
         <eventCode>AISF</eventCode>
      </event>
      <event>
         <eventDateTime>2016-06-16 12:22:15</eventDateTime>
         <eventLocation>GB</eventLocation>
         <eventType>T</eventType>
         <eventDescription>DEPARTED FROM INTL - LHR</eventDescription>
         <eventCode>DFSF</eventCode>
      </event>
      <event>
         <eventDateTime>2016-06-16 16:11:43</eventDateTime>
         <eventLocation>GB</eventLocation>
         <eventType>T</eventType>
         <eventDescription>DEPARTED FROM INTL - LHR</eventDescription>
         <eventCode>DFSF</eventCode>
      </event>
   </events>
</trackingResponse>
