<soapenv:Envelope xmlns:soapenv="http://schemas.xmlsoap.org/soap/envelope/" xmlns:v1="http://www.royalmailgroup.com/api/track/V1" xmlns:v11="http://www.royalmailgroup.com/integration/core/V1">
   <soapenv:Header/>
   <soapenv:Body>
      <v1:getMultiItemSummaryRequest>
         <v1:integrationHeader>
            <v11:dateTime>2013-12-28T02:49:45</v11:dateTime>
            <v11:version>1.0</v11:version>
            <v11:identification>
               <v11:applicationId>111111113</v11:applicationId>
               <v11:transactionId>9876543210</v11:transactionId>
            </v11:identification>
         </v1:integrationHeader>
         <v1:trackingNumbers>
            <v1:trackingNumber>FJ111111111GB</v1:trackingNumber>
            <v1:trackingNumber>JA222222222GB</v1:trackingNumber>
            <v1:trackingNumber>FJ333333333GB</v1:trackingNumber>
            <v1:trackingNumber>FJ444444444GB</v1:trackingNumber>
            <v1:trackingNumber>FL555555555GB</v1:trackingNumber>
         </v1:trackingNumbers>
      </v1:getMultiItemSummaryRequest>
   </soapenv:Body>
</soapenv:Envelope>