<soapenv:Envelope xmlns:soapenv="http://schemas.xmlsoap.org/soap/envelope/">
   <soapenv:Body>
      <NS1:getMultiItemSummaryResponse xmlns:NS1="http://www.royalmailgroup.com/api/track/V1">
         <NS1:integrationHeader>
            <NS2:dateTime xmlns:NS2="http://www.royalmailgroup.com/integration/core/V1">2013-12-28T02:49:45</NS2:dateTime>
            <NS3:version xmlns:NS3="http://www.royalmailgroup.com/integration/core/V1">1.0</NS3:version>
            <NS4:identification xmlns:NS4="http://www.royalmailgroup.com/integration/core/V1">
   <NS4:applicationId>111111113</NS4:applicationId>
               <NS4:transactionId>9876543210</NS4:transactionId>
            </NS4:identification>
         </NS1:integrationHeader>
         <NS1:itemSummaries>
            <NS1:itemSummary>
               <NS1:eventDate>2013-12-20</NS1:eventDate>
               <NS1:eventTime>12:03:00</NS1:eventTime>
               <NS1:statusCode>
                  <code>EVKSP</code>
               </NS1:statusCode>
               <NS1:summaryLine>We have a record of item FJ111111111GB as being delivered from London East Mail Centre on 2013-12-20.</NS1:summaryLine>
               <NS1:trackingNumber>FJ111111111GB</NS1:trackingNumber>
               <NS1:header>Delivered</NS1:header>
            </NS1:itemSummary>
            <NS1:itemSummary>
               <NS1:eventDate>2013-12-20</NS1:eventDate>
               <NS1:eventTime>11:59:00</NS1:eventTime>
               <NS1:statusCode>
                  <code>EVKSP</code>
               </NS1:statusCode>
               <NS1:summaryLine>We have a record of item JA222222222GB as being delivered from London East Mail Centre on 2013-12-20.</NS1:summaryLine>
               <NS1:trackingNumber>JA222222222GB</NS1:trackingNumber>
               <NS1:header>Delivered</NS1:header>
            </NS1:itemSummary>
            <NS1:itemSummary>
               <NS1:eventDate>2013-12-12</NS1:eventDate>
               <NS1:eventTime>14:48:00</NS1:eventTime>
               <NS1:statusCode>
                  <code>EVAPA</code>
               </NS1:statusCode>
               <NS1:summaryLine>The sender has advised us that item FJ333333333GB will be posted into the Royal Mail network on the 2013-12-29.</NS1:summaryLine>
               <NS1:trackingNumber>FJ333333333GB</NS1:trackingNumber>
               <NS1:header>Please come back later</NS1:header>
            </NS1:itemSummary>
            <NS1:itemSummary>
               <NS1:eventDate>2013-12-12</NS1:eventDate>
               <NS1:eventTime>14:48:00</NS1:eventTime>
               <NS1:statusCode>
                  <code>EVAPA</code>
               </NS1:statusCode>
               <NS1:summaryLine>The sender has advised us that item FJ444444444GB will be posted into the Royal Mail network on the 2013-12-29.</NS1:summaryLine>
               <NS1:trackingNumber>FJ444444444GB</NS1:trackingNumber>
               <NS1:header>Please come back later</NS1:header>
            </NS1:itemSummary>
            <NS1:itemSummary>
               <NS1:eventDate>2013-12-12</NS1:eventDate>
               <NS1:eventTime>14:37:00</NS1:eventTime>
               <NS1:statusCode>
                  <code>EVAPA</code>
               </NS1:statusCode>
               <NS1:summaryLine>The sender has advised us that item FL555555555GB will be posted into the Royal Mail network on the 2013-12-29.</NS1:summaryLine>
               <NS1:trackingNumber>FL555555555GB</NS1:trackingNumber>
               <NS1:header>Please come back later</NS1:header>
            </NS1:itemSummary>
         </NS1:itemSummaries>
         <NS1:integrationFooter>
            <NS7:errors xmlns:NS7="http://www.royalmailgroup.com/integration/core/V1"/>
            <NS8:warnings xmlns:NS8="http://www.royalmailgroup.com/integration/core/V1"/>
         </NS1:integrationFooter>
      </NS1:getMultiItemSummaryResponse>
   </soapenv:Body>
</soapenv:Envelope>