<soapenv:Envelope xmlns:soapenv="http://schemas.xmlsoap.org/soap/envelope/">
   <soapenv:Body>
      <NS1:getProofOfDeliveryResponse xmlns:NS1="http://www.royalmailgroup.com/api/track/V1">
         <NS1:integrationHeader>
            <NS2:dateTime xmlns:NS2="http://www.royalmailgroup.com/integration/core/V1">2015-11-24T10:30:04</NS2:dateTime>
            <NS3:version xmlns:NS3="http://www.royalmailgroup.com/integration/core/V1">1</NS3:version>
            <NS4:identification xmlns:NS4="http://www.royalmailgroup.com/integration/core/V1">
               <NS4:applicationId>0127229000</NS4:applicationId>
               <NS4:transactionId>12</NS4:transactionId>
            </NS4:identification>
         </NS1:integrationHeader>
         <NS1:wSImageResponse>
            <NS1:height>
               <unitOfMeasure>
                  <unitOfMeasureCode>
                     <code>px</code>
                     <name>pixel</name>
                  </unitOfMeasureCode>
               </unitOfMeasure>
               <value>129</value>
            </NS1:height>
            <NS1:printedName>GAMMY</NS1:printedName>
            <NS1:signatureTime>2015-11-09T00:00:00</NS1:signatureTime>
            <NS1:trackingNumber>JA011550729GB</NS1:trackingNumber>
            <NS1:width>
               <unitOfMeasure>
                  <unitOfMeasureCode>
                     <code>px</code>
                     <name>pixel</name>
                  </unitOfMeasureCode>
               </unitOfMeasure>
               <value>231</value>
            </NS1:width>
         </NS1:wSImageResponse>
         <NS1:integrationFooter>
            <NS5:errors xmlns:NS5="http://www.royalmailgroup.com/integration/core/V1"/>
            <NS6:warnings xmlns:NS6="http://www.royalmailgroup.com/integration/core/V1"/>
         </NS1:integrationFooter>
      </NS1:getProofOfDeliveryResponse>
   </soapenv:Body>
</soapenv:Envelope>
