<soapenv:Envelope xmlns:soapenv="http://schemas.xmlsoap.org/soap/envelope/">
   <soapenv:Body>
      <NS1:getProofOfDeliveryResponse xmlns:NS1="http://www.royalmailgroup.com/api/track/V1">
         <NS1:integrationHeader>
            <NS3:version xmlns:NS3="http://www.royalmailgroup.com/integration/core/V1">1.0</NS3:version>
            <NS4:identification xmlns:NS4="http://www.royalmailgroup.com/integration/core/V1">
               <NS4:endUserId/>
               <NS4:applicationId>111111103</NS4:applicationId>
               <NS4:transactionId>9876543210</NS4:transactionId>
            </NS4:identification>
         </NS1:integrationHeader>
         <NS1:integrationFooter>
            <NS7:errors xmlns:NS7="http://www.royalmailgroup.com/integration/core/V1">
               <NS7:error>
                  <NS7:errorCode>E1143</NS7:errorCode>
                  <NS7:errorDescription>Tracking data are not available for barcode reference JW034599725GB</NS7:errorDescription>
                  <NS7:errorCause>It is not possible to provide information about events that occurred more than 300 days ago</NS7:errorCause>
                  <NS7:errorResolution>Please use the Royal Mail Track and Trace website to obtain data of this age</NS7:errorResolution>
               </NS7:error>
            </NS7:errors>
            <NS8:warnings xmlns:NS8="http://www.royalmailgroup.com/integration/core/V1"/>
         </NS1:integrationFooter>
      </NS1:getProofOfDeliveryResponse>
   </soapenv:Body>
</soapenv:Envelope>