<soapenv:Envelope xmlns:soapenv="http://schemas.xmlsoap.org/soap/envelope/" xmlns:v1="http://www.royalmailgroup.com/api/track/V1" xmlns:v11="http://www.royalmailgroup.com/integration/core/V1">
   <soapenv:Header/>
   <soapenv:Body>
      <v1:getSingleItemHistoryRequest>
         <v1:integrationHeader>
            <v11:dateTime>2014-01-06T02:49:45</v11:dateTime>
            <v11:version>1.0</v11:version>
            <v11:identification>
               <v11:applicationId>0123456789</v11:applicationId>
               <v11:transactionId>12</v11:transactionId>
            </v11:identification>
         </v1:integrationHeader>
         <v1:trackingNumber>FJ111111111GB</v1:trackingNumber>
      </v1:getSingleItemHistoryRequest>
   </soapenv:Body>
</soapenv:Envelope>