<soapenv:Envelope xmlns:soapenv="http://schemas.xmlsoap.org/soap/envelope/">
   <soapenv:Body>
      <NS1:getSingleItemSummaryResponse xmlns:NS1="http://www.royalmailgroup.com/api/track/V1">
         <NS1:integrationHeader>
            <NS3:version xmlns:NS3="http://www.royalmailgroup.com/integration/core/V1">1.0</NS3:version>
            <NS4:identification xmlns:NS4="http://www.royalmailgroup.com/integration/core/V1">
               <NS4:applicationId>111111113</NS4:applicationId>
               <NS4:transactionId>9876543210</NS4:transactionId>
            </NS4:identification>
         </NS1:integrationHeader>
         <NS1:itemSummary>
            <NS1:eventDate>2013-12-26</NS1:eventDate>
            <NS1:eventTime>14:48:00</NS1:eventTime>
            <NS1:statusCode>
               <code>EVAPA</code>
            </NS1:statusCode>
            <NS1:summaryLine>The sender has advised us that item FJ108115259GB will be posted into the Royal Mail network on the 2013-12-27.</NS1:summaryLine>
            <NS1:trackingNumber>FJ111111111GB</NS1:trackingNumber>
            <NS1:header>Please come back later</NS1:header>
		<NS1:footer/>
         </NS1:itemSummary>
         <NS1:integrationFooter>
            <NS7:errors xmlns:NS7="http://www.royalmailgroup.com/integration/core/V1"/>
            <NS8:warnings xmlns:NS8="http://www.royalmailgroup.com/integration/core/V1"/>
         </NS1:integrationFooter>
      </NS1:getSingleItemSummaryResponse>
   </soapenv:Body>
</soapenv:Envelope>