<soapenv:Envelope xmlns:soapenv="http://schemas.xmlsoap.org/soap/envelope/">
   <soapenv:Body>
      <NS1:getSingleItemHistoryResponse xmlns:NS1="http://www.royalmailgroup.com/api/track/V1">
         <NS1:integrationHeader>
            <NS2:dateTime xmlns:NS2="http://www.royalmailgroup.com/integration/core/V1">2008-09-29T02:49:45</NS2:dateTime>
            <NS3:version xmlns:NS3="http://www.royalmailgroup.com/integration/core/V1">1</NS3:version>
            <NS4:identification xmlns:NS4="http://www.royalmailgroup.com/integration/core/V1">
               <NS4:dateTime>2014-01-06T02:49:45</NS4:dateTime>
               <NS4:version>1.0</NS4:version>
               <NS4:applicationId>0123456789</NS4:applicationId>
               <NS4:transactionId>12</NS4:transactionId>
            </NS4:identification>
         </NS1:integrationHeader>
         <NS1:trackDetail>
            <NS1:trackDate>2013-12-26</NS1:trackDate>
		<NS1:trackPoint>London East Mail Centre</NS1:trackPoint>
            <NS1:trackTime>14:48:45</NS1:trackTime>
            <NS1:header>Delivered</NS1:header>
		<NS1:footer>
			<NS1:footerID>1024</NS1:footerID>
			<NS1:footerText>Thank you for using this service</NS1:footerText>
		</NS1:footer>
         </NS1:trackDetail>
         <NS1:integrationFooter>
            <NS7:errors xmlns:NS7="http://www.royalmailgroup.com/integration/core/V1"/>
            <NS8:warnings xmlns:NS8="http://www.royalmailgroup.com/integration/core/V1"/>
         </NS1:integrationFooter>
      </NS1:getSingleItemHistoryResponse>
   </soapenv:Body>
</soapenv:Envelope>