<soapenv:Envelope xmlns:soapenv="http://schemas.xmlsoap.org/soap/envelope/">
   <soapenv:Body>
      <NS1:Fault xmlns:NS1="http://schemas.xmlsoap.org/soap/envelope/">
         <faultcode>Server</faultcode>
         <faultstring>Internal Error</faultstring>
         <faultactor>ESB</faultactor>
         <detail>
            <exceptionDetails>
               <exceptionTransactionId>0127229000</exceptionTransactionId>
               <exceptionCode>E0005</exceptionCode>
               <exceptionText>No Response Received from Business Fulfilment System Web Service (Service is Unavailable or Timeout)</exceptionText>
            </exceptionDetails>
         </detail>
      </NS1:Fault>
   </soapenv:Body>
</soapenv:Envelope>
