<soap:Envelope xmlns:xsd="http://www.w3.org/2001/XMLSchema" xmlns:xsi="http://www.w3.org/2001/XMLSchema-instance" xmlns:soap="http://schemas.xmlsoap.org/soap/envelope/">
	<soap:Body>
		<ParcelTrackingEnquiryResponse xmlns="urn:royalmail/ParcelTracking/2003/06/23">
			<ParcelTrackingEnquiryResult>
				<Response xmlns="http://xmllib.intranet.point/trackingv11.xsd">
					<ErrorResponse Id="WOO176" Des="Customer account number not found" Error="000101" Brand="PE"/>
				</Response>
			</ParcelTrackingEnquiryResult>
		</ParcelTrackingEnquiryResponse>
	</soap:Body>
</soap:Envelope>
