<soap:Envelope xmlns:xsd="http://www.w3.org/2001/XMLSchema" xmlns:xsi="http://www.w3.org/2001/XMLSchema-instance" xmlns:soap="http://schemas.xmlsoap.org/soap/envelope/">
	<soap:Body>
		<ParcelTrackingEnquiryResponse xmlns="urn:royalmail/ParcelTracking/2003/06/23">
			<ParcelTrackingEnquiryResult>
				<TrackResponse xmlns="xmllib.intranet.point/trackingv11.xsd">
					<Consignments>
						<Consignment>
							<Number>IF9064856</Number>
							<DateSent>01-14-2016 11:36:17</DateSent>
							<Parcels>
								<Parcel>
									<Number>PBIF9064856002</Number>
									<Status>Refused Acceptance</Status>
								</Parcel>
								<Parcel>
									<Number>PBIF9064856001</Number>
									<Status>Accepted</Status>
								</Parcel>
							</Parcels>
						</Consignment>
						<Consignment>
							<Number>XF6239672</Number>
							<DateSent>12-15-2015 08:00:03</DateSent>
							<Parcels>
								<Parcel>
									<Number>PBXF6239672001</Number>
									<Status>In progress</Status>
								</Parcel>
								<Parcel>
									<Number>PBXF6239672002</Number>
									<Status>In progress</Status>
								</Parcel>
							</Parcels>
						</Consignment>
					</Consignments>
				</TrackResponse>
			</ParcelTrackingEnquiryResult>
		</ParcelTrackingEnquiryResponse>
	</soap:Body>
</soap:Envelope>
