<soap:Envelope xmlns:soap="http://schemas.xmlsoap.org/soap/envelope/" xmlns:xsi="http://www.w3.org/2001/XMLSchema-instance" xmlns:xsd="http://www.w3.org/2001/XMLSchema">
	<soap:Body>
		<ParcelTrackingEnquiryResponse xmlns="urn:royalmail/ParcelTracking/2003/06/23">
			<ParcelTrackingEnquiryResult>
				<MultipleTrackingResponses xmlns="">
					<Response xmlns="http://xmllib.intranet.point/trackingv11.xsd">
						<TrackResponse>
							<CommonData Id="PBWW0163043001" CustNme="DIRECT LTD" DateSent="01-13-2016 09:25:47" Cont="P125024" Service="Express 24" Prod="Express 24" ItemAdv="00000" ItemCol="00001" ItemDel="00000" Brand="PE">
								<DelAd>
									<AddLabel>FAO: E.DRIVER - HO, TRADE HOUSE, MEAD AVENUE, HOUNDSTONE BUSINESS PARK, YEOVIL</AddLabel>
									<PoCde>BA22 8RT</PoCde>
									<Cntry>United Kingdom</Cntry>
								</DelAd>
								<CollAd>
									<AddLabel>ORCHARD FARM, MILE ROAD, CARLETON RODE, NORWICH</AddLabel>
									<PoCde>NR16 1NE</PoCde>
									<Cntry>United Kingdom</Cntry>
								</CollAd>
							</CommonData>
							<Item ItemId="PBWW0163043001" Status="In progress">
								<Event EvntLoc="Bristol North Depot" EvntDes="Prepared for delivery" EvntTime="04:50:00" EvntDate="2016-01-14"/>
								<Event EvntLoc="Bristol North Depot" EvntDes="Arrived at delivery depot" EvntTime="03:50:00" EvntDate="2016-01-14"/>
							</Item>
						</TrackResponse>
					</Response>
					<Response xmlns="http://xmllib.intranet.point/trackingv11.xsd">
						<TrackResponse>
							<CommonData Id="PBWW0154510001" CustNme="DIRECT LTD" DateSent="01-12-2016 14:57:16" Cont="P125024" Service="Express 24" Prod="Express 24" ItemAdv="00000" ItemCol="00001" ItemDel="00000" Brand="PE">
								<DelAd>
									<AddLabel>UNIT 3, COTTON ROAD, WINCHEAP INDUSTRIAL ESTATE, CANTERBURY</AddLabel>
									<PoCde>CT1 3RB</PoCde>
									<Cntry>United Kingdom</Cntry>
								</DelAd>
								<CollAd>
									<AddLabel>TRADE HOUSE, MEAD AVENUE, HOUNDSTONE BUSINESS PARK, YEOVIL</AddLabel>
									<PoCde>BA22 8RT</PoCde>
									<Cntry>United Kingdom</Cntry>
								</CollAd>
							</CommonData>
							<Item ItemId="PBWW0154510001" Status="In progress">
								<Event EvntLoc="Medway Depot" EvntDes="Prepared for delivery" EvntTime="04:54:00" EvntDate="2016-01-13"/>
								<Event EvntLoc="Medway Depot" EvntDes="Arrived at delivery depot" EvntTime="04:52:00" EvntDate="2016-01-13"/>
								<Event EvntLoc="Bristol North Depot" EvntDes="On route to hub" EvntTime="16:17:00" EvntDate="2016-01-12"/>
								<Event EvntLoc="Bristol North Depot" EvntDes="Collected" EvntTime="13:28:00" EvntDate="2016-01-12"/>
							</Item>
						</TrackResponse>
					</Response>
					<Response xmlns="http://xmllib.intranet.point/trackingv11.xsd">
						<TrackResponse>
							<CommonData Id="PBXF7045871002" CustNme="DIRECT LTD" DateSent="01-05-2016 08:00:05" Cont="H775754" Service="Express 24" Prod="Express 24" ItemAdv="00000" ItemCol="00001" ItemDel="00000" Brand="PE">
								<DelAd>
									<AddLabel>FLAT 5, ASTON HOUSE, PORTOBELLO COURT, WESTBOURNE GROVE, LONDON</AddLabel>
									<PoCde>W11 2DN</PoCde>
									<Cntry>United Kingdom</Cntry>
								</DelAd>
								<CollAd>
									<AddLabel>RETURN LOGISTICS, DC4 PROLOGIS PARK, HURRICANE DRIVE, STAFFORD</AddLabel>
									<PoCde>B99 9ZZ</PoCde>
									<Cntry>United Kingdom</Cntry>
								</CollAd>
							</CommonData>
							<Item ItemId="PBXF7045871002" Status="In progress">
								<Event EvntLoc="London North West Depot" EvntDes="Do not display" EvntTime="11:41:00" EvntDate="2016-01-06"/>
								<Event EvntLoc="London North West Depot" EvntDes="Do not display" EvntTime="07:44:00" EvntDate="2016-01-06"/>
								<Event EvntLoc="London North West Depot" EvntDes="Prepared for delivery" EvntTime="05:16:00" EvntDate="2016-01-06"/>
								<Event EvntLoc="London North West Depot" EvntDes="Arrived at delivery depot" EvntTime="05:11:00" EvntDate="2016-01-06"/>
							</Item>
						</TrackResponse>
					</Response>
					<Response xmlns="http://xmllib.intranet.point/trackingv11.xsd">
						<TrackResponse>
							<CommonData Id="PBXF7038990002" CustNme="DIRECT LTD" DateSent="01-05-2016 08:00:05" Cont="H775754" Service="Express 24" Prod="Express 24" ItemAdv="00000" ItemCol="00001" ItemDel="00000" Brand="PE">
								<DelAd>
									<AddLabel>HILL HOUSE, HILL ROAD, WANGFORD, BECCLES</AddLabel>
									<PoCde>NR34 8AR</PoCde>
									<Cntry>United Kingdom</Cntry>
								</DelAd>
								<CollAd>
									<AddLabel>RETURN LOGISTICS, DC4 PROLOGIS PARK, HURRICANE DRIVE, STAFFORD</AddLabel>
									<PoCde>B99 9ZZ</PoCde>
									<Cntry>United Kingdom</Cntry>
								</CollAd>
							</CommonData>
							<Item ItemId="PBXF7038990002" Status="In progress">
								<Event EvntLoc="Norwich Central Depot" EvntDes="DO NOT DISPLAY" EvntTime="13:27:00" EvntDate="2016-01-07"/>
								<Event EvntLoc="Norwich Central Depot" EvntDes="Do not display" EvntTime="08:14:00" EvntDate="2016-01-07"/>
								<Event EvntLoc="Norwich Central Depot" EvntDes="Prepared for delivery" EvntTime="23:41:00" EvntDate="2016-01-06"/>
								<Event EvntLoc="Norwich Central Depot" EvntDes="Returned to depot" EvntTime="17:57:00" EvntDate="2016-01-06"/>
								<Event EvntLoc="Norwich Central Depot" EvntDes="Arrived at delivery depot" EvntTime="07:02:00" EvntDate="2016-01-06"/>
							</Item>
						</TrackResponse>
					</Response>
				</MultipleTrackingResponses>
			</ParcelTrackingEnquiryResult>
		</ParcelTrackingEnquiryResponse>
	</soap:Body>
</soap:Envelope>
