<soap:Envelope xmlns:xsd="http://www.w3.org/2001/XMLSchema" xmlns:xsi="http://www.w3.org/2001/XMLSchema-instance" xmlns:soap="http://schemas.xmlsoap.org/soap/envelope/">
	<soap:Body>
		<ParcelTrackingEnquiryResponse xmlns="urn:royalmail/ParcelTracking/2003/06/23">
			<ParcelTrackingEnquiryResult>
				<TrackResponse xmlns="xmllib.intranet.point/trackingv11.xsd">
					<Consignments>
						<Consignment>
							<Number>IF5819335</Number>
							<DateSent>01-06-2016 21:28:11</DateSent>
							<Parcels>
								<Parcel>
									<Number>PBIF5819335001</Number>
									<Status>In progress</Status>
								</Parcel>
							</Parcels>
						</Consignment>
						<Consignment>
							<Number>IF5822493</Number>
							<DateSent>01-06-2016 21:28:11</DateSent>
							<Parcels>
								<Parcel>
									<Number>PBIF5822493001</Number>
									<Status>In progress</Status>
								</Parcel>
							</Parcels>
						</Consignment>
						<Consignment>
							<Number>IG0058005</Number>
							<DateSent>01-13-2016 21:28:48</DateSent>
							<Parcels>
								<Parcel>
									<Number>PBIG0058005001</Number>
									<Status>In progress</Status>
								</Parcel>
							</Parcels>
						</Consignment>
						<Consignment>
							<Number>IF8815868</Number>
							<DateSent>01-13-2016 21:28:48</DateSent>
							<Parcels>
								<Parcel>
									<Number>PBIF8815868001</Number>
									<Status>In progress</Status>
								</Parcel>
							</Parcels>
						</Consignment>
						<Consignment>
							<Number>IF9932300</Number>
							<DateSent>01-13-2016 21:28:48</DateSent>
							<Parcels>
								<Parcel>
									<Number>PBIF9932300001</Number>
									<Status>In progress</Status>
								</Parcel>
							</Parcels>
						</Consignment>
						<Consignment>
							<Number>IG0043978</Number>
							<DateSent>01-13-2016 21:28:48</DateSent>
							<Parcels>
								<Parcel>
									<Number>PBIG0043978001</Number>
									<Status>In progress</Status>
								</Parcel>
							</Parcels>
						</Consignment>
						<Consignment>
							<Number>IG0051651</Number>
							<DateSent>01-13-2016 21:28:48</DateSent>
							<Parcels>
								<Parcel>
									<Number>PBIG0051651001</Number>
									<Status>In progress</Status>
								</Parcel>
							</Parcels>
						</Consignment>
						<Consignment>
							<Number>IG0053330</Number>
							<DateSent>01-13-2016 21:28:48</DateSent>
							<Parcels>
								<Parcel>
									<Number>PBIG0053330002</Number>
									<Status>In progress</Status>
								</Parcel>
								<Parcel>
									<Number>PBIG0053330003</Number>
									<Status>In progress</Status>
								</Parcel>
								<Parcel>
									<Number>PBIG0053330004</Number>
									<Status>In progress</Status>
								</Parcel>
								<Parcel>
									<Number>PBIG0053330001</Number>
									<Status>In progress</Status>
								</Parcel>
							</Parcels>
						</Consignment>
						<Consignment>
							<Number>IG0056910</Number>
							<DateSent>01-13-2016 21:28:48</DateSent>
							<Parcels>
								<Parcel>
									<Number>PBIG0056910001</Number>
									<Status>In progress</Status>
								</Parcel>
							</Parcels>
						</Consignment>
						<Consignment>
							<Number>IG2374080</Number>
							<DateSent>01-19-2016 21:30:25</DateSent>
							<Parcels>
								<Parcel>
									<Number>PBIG2374080001</Number>
									<Status>Delivered</Status>
								</Parcel>
							</Parcels>
						</Consignment>
						<Consignment>
							<Number>TY4177961</Number>
							<DateSent>09-21-2015 21:31:44</DateSent>
							<Parcels>
								<Parcel>
									<Number>PBTY4177961001</Number>
									<Status>In progress</Status>
								</Parcel>
							</Parcels>
						</Consignment>
						<Consignment>
							<Number>TY4178848</Number>
							<DateSent>09-21-2015 21:31:44</DateSent>
							<Parcels>
								<Parcel>
									<Number>PBTY4178848001</Number>
									<Status>In progress</Status>
								</Parcel>
							</Parcels>
						</Consignment>
						<Consignment>
							<Number>TY4183057</Number>
							<DateSent>09-21-2015 21:31:44</DateSent>
							<Parcels>
								<Parcel>
									<Number>PBTY4183057001</Number>
									<Status>Delivered</Status>
								</Parcel>
							</Parcels>
						</Consignment>
						<Consignment>
							<Number>TY4184199</Number>
							<DateSent>09-21-2015 21:31:44</DateSent>
							<Parcels>
								<Parcel>
									<Number>PBTY4184199004</Number>
									<Status>In progress</Status>
								</Parcel>
								<Parcel>
									<Number>PBTY4184199003</Number>
									<Status>In progress</Status>
								</Parcel>
								<Parcel>
									<Number>PBTY4184199002</Number>
									<Status>In progress</Status>
								</Parcel>
								<Parcel>
									<Number>PBTY4184199001</Number>
									<Status>In progress</Status>
								</Parcel>
							</Parcels>
						</Consignment>
						<Consignment>
							<Number>TY4186481</Number>
							<DateSent>09-21-2015 21:31:44</DateSent>
							<Parcels>
								<Parcel>
									<Number>PBTY4186481001</Number>
									<Status>In progress</Status>
								</Parcel>
							</Parcels>
						</Consignment>
						<Consignment>
							<Number>TY4188791</Number>
							<DateSent>09-21-2015 21:31:44</DateSent>
							<Parcels>
								<Parcel>
									<Number>PBTY4188791001</Number>
									<Status>In progress</Status>
								</Parcel>
							</Parcels>
						</Consignment>
						<Consignment>
							<Number>TY4189695</Number>
							<DateSent>09-21-2015 21:31:44</DateSent>
							<Parcels>
								<Parcel>
									<Number>PBTY4189695001</Number>
									<Status>Delivered</Status>
								</Parcel>
							</Parcels>
						</Consignment>
						<Consignment>
							<Number>TY4191243</Number>
							<DateSent>09-21-2015 21:31:44</DateSent>
							<Parcels>
								<Parcel>
									<Number>PBTY4191243001</Number>
									<Status>In progress</Status>
								</Parcel>
							</Parcels>
						</Consignment>
						<Consignment>
							<Number>TY8149745</Number>
							<DateSent>09-25-2015 21:24:39</DateSent>
							<Parcels>
								<Parcel>
									<Number>PBTY8149745001</Number>
									<Status>Delivered</Status>
								</Parcel>
							</Parcels>
						</Consignment>
						<Consignment>
							<Number>TY8150859</Number>
							<DateSent>09-25-2015 21:24:39</DateSent>
							<Parcels>
								<Parcel>
									<Number>PBTY8150859001</Number>
									<Status>Delivered</Status>
								</Parcel>
							</Parcels>
						</Consignment>
						<Consignment>
							<Number>TY8152381</Number>
							<DateSent>09-25-2015 21:24:39</DateSent>
							<Parcels>
								<Parcel>
									<Number>PBTY8152381001</Number>
									<Status>In progress</Status>
								</Parcel>
							</Parcels>
						</Consignment>
						<Consignment>
							<Number>TY8155079</Number>
							<DateSent>09-25-2015 21:24:39</DateSent>
							<Parcels>
								<Parcel>
									<Number>PBTY8155079001</Number>
									<Status>In progress</Status>
								</Parcel>
							</Parcels>
						</Consignment>
						<Consignment>
							<Number>TY8156074</Number>
							<DateSent>09-25-2015 21:24:39</DateSent>
							<Parcels>
								<Parcel>
									<Number>PBTY8156074002</Number>
									<Status>Delivered</Status>
								</Parcel>
								<Parcel>
									<Number>PBTY8156074001</Number>
									<Status>Delivered</Status>
								</Parcel>
							</Parcels>
						</Consignment>
						<Consignment>
							<Number>TY8158089</Number>
							<DateSent>09-25-2015 21:24:39</DateSent>
							<Parcels>
								<Parcel>
									<Number>PBTY8158089001</Number>
									<Status>Delivered</Status>
								</Parcel>
							</Parcels>
						</Consignment>
						<Consignment>
							<Number>TY8171111</Number>
							<DateSent>09-25-2015 21:24:39</DateSent>
							<Parcels>
								<Parcel>
									<Number>PBTY8171111001</Number>
									<Status>In progress</Status>
								</Parcel>
							</Parcels>
						</Consignment>
						<Consignment>
							<Number>TY8172165</Number>
							<DateSent>09-25-2015 21:24:39</DateSent>
							<Parcels>
								<Parcel>
									<Number>PBTY8172165001</Number>
									<Status>Delivered</Status>
								</Parcel>
							</Parcels>
						</Consignment>
						<Consignment>
							<Number>TY8174271</Number>
							<DateSent>09-25-2015 21:24:39</DateSent>
							<Parcels>
								<Parcel>
									<Number>PBTY8174271002</Number>
									<Status>In progress</Status>
								</Parcel>
								<Parcel>
									<Number>PBTY8174271001</Number>
									<Status>In progress</Status>
								</Parcel>
							</Parcels>
						</Consignment>
						<Consignment>
							<Number>TY8176493</Number>
							<DateSent>09-25-2015 21:24:39</DateSent>
							<Parcels>
								<Parcel>
									<Number>PBTY8176493001</Number>
									<Status>Delivered</Status>
								</Parcel>
							</Parcels>
						</Consignment>
						<Consignment>
							<Number>TY8177882</Number>
							<DateSent>09-25-2015 21:24:39</DateSent>
							<Parcels>
								<Parcel>
									<Number>PBTY8177882001</Number>
									<Status>In progress</Status>
								</Parcel>
							</Parcels>
						</Consignment>
						<Consignment>
							<Number>TY8180524</Number>
							<DateSent>09-25-2015 21:24:39</DateSent>
							<Parcels>
								<Parcel>
									<Number>PBTY8180524001</Number>
									<Status>Delivered</Status>
								</Parcel>
							</Parcels>
						</Consignment>
						<Consignment>
							<Number>TY8185107</Number>
							<DateSent>09-25-2015 21:24:39</DateSent>
							<Parcels>
								<Parcel>
									<Number>PBTY8185107001</Number>
									<Status>Delivered</Status>
								</Parcel>
							</Parcels>
						</Consignment>
						<Consignment>
							<Number>IA2123634</Number>
							<DateSent>10-05-2015 21:33:29</DateSent>
							<Parcels>
								<Parcel>
									<Number>PBIA2123634001</Number>
									<Status>Delivered</Status>
								</Parcel>
							</Parcels>
						</Consignment>
						<Consignment>
							<Number>IA2138259</Number>
							<DateSent>10-05-2015 21:33:29</DateSent>
							<Parcels>
								<Parcel>
									<Number>PBIA2138259001</Number>
									<Status>Delivered</Status>
								</Parcel>
							</Parcels>
						</Consignment>
						<Consignment>
							<Number>IA2144753</Number>
							<DateSent>10-05-2015 21:33:29</DateSent>
							<Parcels>
								<Parcel>
									<Number>PBIA2144753001</Number>
									<Status>Delivered</Status>
								</Parcel>
							</Parcels>
						</Consignment>
						<Consignment>
							<Number>IA5855871</Number>
							<DateSent>10-09-2015 21:27:11</DateSent>
							<Parcels>
								<Parcel>
									<Number>PBIA5855871001</Number>
									<Status>In progress</Status>
								</Parcel>
							</Parcels>
						</Consignment>
						<Consignment>
							<Number>IA6066606</Number>
							<DateSent>10-09-2015 21:27:11</DateSent>
							<Parcels>
								<Parcel>
									<Number>PBIA6066606001</Number>
									<Status>In progress</Status>
								</Parcel>
							</Parcels>
						</Consignment>
						<Consignment>
							<Number>IA6067819</Number>
							<DateSent>10-09-2015 21:27:11</DateSent>
							<Parcels>
								<Parcel>
									<Number>PBIA6067819001</Number>
									<Status>Delivered</Status>
								</Parcel>
							</Parcels>
						</Consignment>
						<Consignment>
							<Number>IA6069531</Number>
							<DateSent>10-09-2015 21:27:11</DateSent>
							<Parcels>
								<Parcel>
									<Number>PBIA6069531001</Number>
									<Status>Delivered</Status>
								</Parcel>
							</Parcels>
						</Consignment>
						<Consignment>
							<Number>IA6070676</Number>
							<DateSent>10-09-2015 21:27:11</DateSent>
							<Parcels>
								<Parcel>
									<Number>PBIA6070676001</Number>
									<Status>In progress</Status>
								</Parcel>
							</Parcels>
						</Consignment>
						<Consignment>
							<Number>IA6073448</Number>
							<DateSent>10-09-2015 21:27:11</DateSent>
							<Parcels>
								<Parcel>
									<Number>PBIA6073448001</Number>
									<Status>Delivered</Status>
								</Parcel>
							</Parcels>
						</Consignment>
						<Consignment>
							<Number>IA6076339</Number>
							<DateSent>10-09-2015 21:27:11</DateSent>
							<Parcels>
								<Parcel>
									<Number>PBIA6076339001</Number>
									<Status>In progress</Status>
								</Parcel>
							</Parcels>
						</Consignment>
						<Consignment>
							<Number>IA6077802</Number>
							<DateSent>10-09-2015 21:27:11</DateSent>
							<Parcels>
								<Parcel>
									<Number>PBIA6077802001</Number>
									<Status>In progress</Status>
								</Parcel>
							</Parcels>
						</Consignment>
						<Consignment>
							<Number>IA6079335</Number>
							<DateSent>10-09-2015 21:27:11</DateSent>
							<Parcels>
								<Parcel>
									<Number>PBIA6079335001</Number>
									<Status>Delivered</Status>
								</Parcel>
							</Parcels>
						</Consignment>
						<Consignment>
							<Number>IA7783948</Number>
							<DateSent>10-13-2015 21:30:00</DateSent>
							<Parcels>
								<Parcel>
									<Number>PBIA7783948001</Number>
									<Status>Delivered</Status>
								</Parcel>
							</Parcels>
						</Consignment>
						<Consignment>
							<Number>IB0028613</Number>
							<DateSent>10-16-2015 21:24:15</DateSent>
							<Parcels>
								<Parcel>
									<Number>PBIB0028613001</Number>
									<Status>In progress</Status>
								</Parcel>
							</Parcels>
						</Consignment>
						<Consignment>
							<Number>IB0030458</Number>
							<DateSent>10-16-2015 21:24:15</DateSent>
							<Parcels>
								<Parcel>
									<Number>PBIB0030458001</Number>
									<Status>Delivered</Status>
								</Parcel>
							</Parcels>
						</Consignment>
						<Consignment>
							<Number>IB0034137</Number>
							<DateSent>10-16-2015 21:24:15</DateSent>
							<Parcels>
								<Parcel>
									<Number>PBIB0034137001</Number>
									<Status>In progress</Status>
								</Parcel>
							</Parcels>
						</Consignment>
						<Consignment>
							<Number>IB0049255</Number>
							<DateSent>10-16-2015 21:24:15</DateSent>
							<Parcels>
								<Parcel>
									<Number>PBIB0049255001</Number>
									<Status>Delivered</Status>
								</Parcel>
							</Parcels>
						</Consignment>
						<Consignment>
							<Number>IB0074856</Number>
							<DateSent>10-16-2015 21:24:15</DateSent>
							<Parcels>
								<Parcel>
									<Number>PBIB0074856001</Number>
									<Status>In progress</Status>
								</Parcel>
							</Parcels>
						</Consignment>
						<Consignment>
							<Number>IB0081640</Number>
							<DateSent>10-16-2015 21:24:15</DateSent>
							<Parcels>
								<Parcel>
									<Number>PBIB0081640001</Number>
									<Status>Delivered</Status>
								</Parcel>
							</Parcels>
						</Consignment>
						<Consignment>
							<Number>IB9320191</Number>
							<DateSent>11-02-2015 21:31:51</DateSent>
							<Parcels>
								<Parcel>
									<Number>PBIB9320191001</Number>
									<Status>Delivered</Status>
								</Parcel>
								<Parcel>
									<Number>PBIB9320191002</Number>
									<Status>In progress</Status>
								</Parcel>
							</Parcels>
						</Consignment>
						<Consignment>
							<Number>IB9321909</Number>
							<DateSent>11-02-2015 21:31:51</DateSent>
							<Parcels>
								<Parcel>
									<Number>PBIB9321909001</Number>
									<Status>Delivered</Status>
								</Parcel>
							</Parcels>
						</Consignment>
						<Consignment>
							<Number>IB9324689</Number>
							<DateSent>11-02-2015 21:31:51</DateSent>
							<Parcels>
								<Parcel>
									<Number>PBIB9324689001</Number>
									<Status>Delivered</Status>
								</Parcel>
							</Parcels>
						</Consignment>
						<Consignment>
							<Number>IC2458933</Number>
							<DateSent>11-09-2015 21:35:41</DateSent>
							<Parcels>
								<Parcel>
									<Number>PBIC2458933001</Number>
									<Status>In progress</Status>
								</Parcel>
							</Parcels>
						</Consignment>
						<Consignment>
							<Number>IC2460061</Number>
							<DateSent>11-09-2015 21:35:41</DateSent>
							<Parcels>
								<Parcel>
									<Number>PBIC2460061001</Number>
									<Status>Delivered</Status>
								</Parcel>
							</Parcels>
						</Consignment>
						<Consignment>
							<Number>IC2461402</Number>
							<DateSent>11-09-2015 21:35:41</DateSent>
							<Parcels>
								<Parcel>
									<Number>PBIC2461402001</Number>
									<Status>Delivered</Status>
								</Parcel>
							</Parcels>
						</Consignment>
						<Consignment>
							<Number>IC2462694</Number>
							<DateSent>11-09-2015 21:35:41</DateSent>
							<Parcels>
								<Parcel>
									<Number>PBIC2462694001</Number>
									<Status>Delivered</Status>
								</Parcel>
							</Parcels>
						</Consignment>
						<Consignment>
							<Number>IC2463933</Number>
							<DateSent>11-09-2015 21:35:41</DateSent>
							<Parcels>
								<Parcel>
									<Number>PBIC2463933001</Number>
									<Status>In progress</Status>
								</Parcel>
							</Parcels>
						</Consignment>
						<Consignment>
							<Number>IC2467524</Number>
							<DateSent>11-09-2015 21:35:41</DateSent>
							<Parcels>
								<Parcel>
									<Number>PBIC2467524001</Number>
									<Status>Delivered</Status>
								</Parcel>
							</Parcels>
						</Consignment>
						<Consignment>
							<Number>IC2469162</Number>
							<DateSent>11-09-2015 21:35:41</DateSent>
							<Parcels>
								<Parcel>
									<Number>PBIC2469162001</Number>
									<Status>Delivered</Status>
								</Parcel>
							</Parcels>
						</Consignment>
						<Consignment>
							<Number>IC2470228</Number>
							<DateSent>11-09-2015 21:35:41</DateSent>
							<Parcels>
								<Parcel>
									<Number>PBIC2470228001</Number>
									<Status>Delivered</Status>
								</Parcel>
							</Parcels>
						</Consignment>
						<Consignment>
							<Number>IC2471210</Number>
							<DateSent>11-09-2015 21:35:41</DateSent>
							<Parcels>
								<Parcel>
									<Number>PBIC2471210001</Number>
									<Status>Delivered</Status>
								</Parcel>
								<Parcel>
									<Number>PBIC2471210002</Number>
									<Status>Delivered</Status>
								</Parcel>
							</Parcels>
						</Consignment>
						<Consignment>
							<Number>IC2472422</Number>
							<DateSent>11-09-2015 21:35:41</DateSent>
							<Parcels>
								<Parcel>
									<Number>PBIC2472422001</Number>
									<Status>In progress</Status>
								</Parcel>
							</Parcels>
						</Consignment>
						<Consignment>
							<Number>IC2473224</Number>
							<DateSent>11-09-2015 21:35:41</DateSent>
							<Parcels>
								<Parcel>
									<Number>PBIC2473224001</Number>
									<Status>In progress</Status>
								</Parcel>
							</Parcels>
						</Consignment>
						<Consignment>
							<Number>IC2474370</Number>
							<DateSent>11-09-2015 21:35:41</DateSent>
							<Parcels>
								<Parcel>
									<Number>PBIC2474370001</Number>
									<Status>Delivered</Status>
								</Parcel>
							</Parcels>
						</Consignment>
						<Consignment>
							<Number>IC6576391</Number>
							<DateSent>11-16-2015 21:40:49</DateSent>
							<Parcels>
								<Parcel>
									<Number>PBIC6576391001</Number>
									<Status>Delivered</Status>
								</Parcel>
							</Parcels>
						</Consignment>
						<Consignment>
							<Number>IC6578389</Number>
							<DateSent>11-16-2015 21:40:49</DateSent>
							<Parcels>
								<Parcel>
									<Number>PBIC6578389001</Number>
									<Status>In progress</Status>
								</Parcel>
							</Parcels>
						</Consignment>
						<Consignment>
							<Number>IC6580507</Number>
							<DateSent>11-16-2015 21:40:49</DateSent>
							<Parcels>
								<Parcel>
									<Number>PBIC6580507001</Number>
									<Status>In progress</Status>
								</Parcel>
							</Parcels>
						</Consignment>
						<Consignment>
							<Number>IC6588854</Number>
							<DateSent>11-16-2015 21:40:49</DateSent>
							<Parcels>
								<Parcel>
									<Number>PBIC6588854001</Number>
									<Status>Delivered</Status>
								</Parcel>
							</Parcels>
						</Consignment>
						<Consignment>
							<Number>IC6594188</Number>
							<DateSent>11-16-2015 21:40:49</DateSent>
							<Parcels>
								<Parcel>
									<Number>PBIC6594188001</Number>
									<Status>In progress</Status>
								</Parcel>
							</Parcels>
						</Consignment>
						<Consignment>
							<Number>IC6594885</Number>
							<DateSent>11-16-2015 21:40:49</DateSent>
							<Parcels>
								<Parcel>
									<Number>PBIC6594885001</Number>
									<Status>Delivered</Status>
								</Parcel>
							</Parcels>
						</Consignment>
						<Consignment>
							<Number>IC6595753</Number>
							<DateSent>11-16-2015 21:40:49</DateSent>
							<Parcels>
								<Parcel>
									<Number>PBIC6595753001</Number>
									<Status>In progress</Status>
								</Parcel>
							</Parcels>
						</Consignment>
						<Consignment>
							<Number>ID0428562</Number>
							<DateSent>11-20-2015 21:37:36</DateSent>
							<Parcels>
								<Parcel>
									<Number>PBID0428562001</Number>
									<Status>Delivered</Status>
								</Parcel>
							</Parcels>
						</Consignment>
						<Consignment>
							<Number>ID0428911</Number>
							<DateSent>11-20-2015 21:37:36</DateSent>
							<Parcels>
								<Parcel>
									<Number>PBID0428911001</Number>
									<Status>Delivered</Status>
								</Parcel>
							</Parcels>
						</Consignment>
						<Consignment>
							<Number>ID0430172</Number>
							<DateSent>11-20-2015 21:37:36</DateSent>
							<Parcels>
								<Parcel>
									<Number>PBID0430172001</Number>
									<Status>In progress</Status>
								</Parcel>
							</Parcels>
						</Consignment>
						<Consignment>
							<Number>ID0430583</Number>
							<DateSent>11-20-2015 21:37:36</DateSent>
							<Parcels>
								<Parcel>
									<Number>PBID0430583001</Number>
									<Status>In progress</Status>
								</Parcel>
							</Parcels>
						</Consignment>
						<Consignment>
							<Number>ID0431907</Number>
							<DateSent>11-20-2015 21:37:36</DateSent>
							<Parcels>
								<Parcel>
									<Number>PBID0431907001</Number>
									<Status>Delivered</Status>
								</Parcel>
							</Parcels>
						</Consignment>
						<Consignment>
							<Number>ID0433474</Number>
							<DateSent>11-20-2015 21:37:36</DateSent>
							<Parcels>
								<Parcel>
									<Number>PBID0433474001</Number>
									<Status>In progress</Status>
								</Parcel>
							</Parcels>
						</Consignment>
						<Consignment>
							<Number>ID0549543</Number>
							<DateSent>11-20-2015 21:37:36</DateSent>
							<Parcels>
								<Parcel>
									<Number>PBID0549543001</Number>
									<Status>In progress</Status>
								</Parcel>
								<Parcel>
									<Number>PBID0549543002</Number>
									<Status>In progress</Status>
								</Parcel>
							</Parcels>
						</Consignment>
						<Consignment>
							<Number>ID0551309</Number>
							<DateSent>11-20-2015 21:37:36</DateSent>
							<Parcels>
								<Parcel>
									<Number>PBID0551309001</Number>
									<Status>Delivered</Status>
								</Parcel>
							</Parcels>
						</Consignment>
						<Consignment>
							<Number>IE1848416</Number>
							<DateSent>12-08-2015 21:32:25</DateSent>
							<Parcels>
								<Parcel>
									<Number>PBIE1848416001</Number>
									<Status>In progress</Status>
								</Parcel>
							</Parcels>
						</Consignment>
						<Consignment>
							<Number>IE1880371</Number>
							<DateSent>12-08-2015 21:32:25</DateSent>
							<Parcels>
								<Parcel>
									<Number>PBIE1880371001</Number>
									<Status>In progress</Status>
								</Parcel>
							</Parcels>
						</Consignment>
						<Consignment>
							<Number>IE2474065</Number>
							<DateSent>12-08-2015 21:32:25</DateSent>
							<Parcels>
								<Parcel>
									<Number>PBIE2474065001</Number>
									<Status>Delivered</Status>
								</Parcel>
							</Parcels>
						</Consignment>
						<Consignment>
							<Number>IE2477464</Number>
							<DateSent>12-08-2015 21:32:25</DateSent>
							<Parcels>
								<Parcel>
									<Number>PBIE2477464001</Number>
									<Status>In progress</Status>
								</Parcel>
							</Parcels>
						</Consignment>
						<Consignment>
							<Number>IE2480097</Number>
							<DateSent>12-08-2015 21:32:25</DateSent>
							<Parcels>
								<Parcel>
									<Number>PBIE2480097001</Number>
									<Status>In progress</Status>
								</Parcel>
							</Parcels>
						</Consignment>
						<Consignment>
							<Number>IE2490797</Number>
							<DateSent>12-08-2015 21:32:25</DateSent>
							<Parcels>
								<Parcel>
									<Number>PBIE2490797001</Number>
									<Status>In progress</Status>
								</Parcel>
							</Parcels>
						</Consignment>
						<Consignment>
							<Number>IE2494414</Number>
							<DateSent>12-08-2015 21:32:25</DateSent>
							<Parcels>
								<Parcel>
									<Number>PBIE2494414001</Number>
									<Status>Delivered</Status>
								</Parcel>
							</Parcels>
						</Consignment>
						<Consignment>
							<Number>IE4809045</Number>
							<DateSent>12-11-2015 21:29:39</DateSent>
							<Parcels>
								<Parcel>
									<Number>PBIE4809045001</Number>
									<Status>Delivered</Status>
								</Parcel>
							</Parcels>
						</Consignment>
						<Consignment>
							<Number>IE4810471</Number>
							<DateSent>12-11-2015 21:29:39</DateSent>
							<Parcels>
								<Parcel>
									<Number>PBIE4810471001</Number>
									<Status>In progress</Status>
								</Parcel>
							</Parcels>
						</Consignment>
						<Consignment>
							<Number>IE7099000</Number>
							<DateSent>12-17-2015 21:35:23</DateSent>
							<Parcels>
								<Parcel>
									<Number>PBIE7099000001</Number>
									<Status>In progress</Status>
								</Parcel>
							</Parcels>
						</Consignment>
						<Consignment>
							<Number>IE9570407</Number>
							<DateSent>12-21-2015 21:43:57</DateSent>
							<Parcels>
								<Parcel>
									<Number>PBIE9570407001</Number>
									<Status>In progress</Status>
								</Parcel>
							</Parcels>
						</Consignment>
						<Consignment>
							<Number>IF4583505</Number>
							<DateSent>01-05-2016 21:30:11</DateSent>
							<Parcels>
								<Parcel>
									<Number>PBIF4583505001</Number>
									<Status>Delivered</Status>
								</Parcel>
							</Parcels>
						</Consignment>
						<Consignment>
							<Number>IF4585625</Number>
							<DateSent>01-05-2016 21:30:11</DateSent>
							<Parcels>
								<Parcel>
									<Number>PBIF4585625001</Number>
									<Status>In progress</Status>
								</Parcel>
							</Parcels>
						</Consignment>
						<Consignment>
							<Number>IF4590912</Number>
							<DateSent>01-05-2016 21:30:11</DateSent>
							<Parcels>
								<Parcel>
									<Number>PBIF4590912001</Number>
									<Status>In progress</Status>
								</Parcel>
							</Parcels>
						</Consignment>
						<Consignment>
							<Number>IF4597425</Number>
							<DateSent>01-05-2016 21:30:11</DateSent>
							<Parcels>
								<Parcel>
									<Number>PBIF4597425001</Number>
									<Status>Delivered</Status>
								</Parcel>
							</Parcels>
						</Consignment>
						<Consignment>
							<Number>IF4608176</Number>
							<DateSent>01-05-2016 21:30:11</DateSent>
							<Parcels>
								<Parcel>
									<Number>PBIF4608176001</Number>
									<Status>In progress</Status>
								</Parcel>
							</Parcels>
						</Consignment>
						<Consignment>
							<Number>IF4613216</Number>
							<DateSent>01-05-2016 21:30:11</DateSent>
							<Parcels>
								<Parcel>
									<Number>PBIF4613216001</Number>
									<Status>In progress</Status>
								</Parcel>
							</Parcels>
						</Consignment>
						<Consignment>
							<Number>IF5835435</Number>
							<DateSent>01-06-2016 21:28:11</DateSent>
							<Parcels>
								<Parcel>
									<Number>PBIF5835435002</Number>
									<Status>Delivered</Status>
								</Parcel>
								<Parcel>
									<Number>PBIF5835435001</Number>
									<Status>Delivered</Status>
								</Parcel>
							</Parcels>
						</Consignment>
						<Consignment>
							<Number>IF5920031</Number>
							<DateSent>01-06-2016 21:28:11</DateSent>
							<Parcels>
								<Parcel>
									<Number>PBIF5920031002</Number>
									<Status>Delivered</Status>
								</Parcel>
								<Parcel>
									<Number>PBIF5920031001</Number>
									<Status>Delivered</Status>
								</Parcel>
							</Parcels>
						</Consignment>
						<Consignment>
							<Number>IF6429583</Number>
							<DateSent>01-07-2016 21:29:51</DateSent>
							<Parcels>
								<Parcel>
									<Number>PBIF6429583001</Number>
									<Status>Delivered</Status>
								</Parcel>
							</Parcels>
						</Consignment>
						<Consignment>
							<Number>IG0047325</Number>
							<DateSent>01-13-2016 21:28:48</DateSent>
							<Parcels>
								<Parcel>
									<Number>PBIG0047325001</Number>
									<Status>Delivered</Status>
								</Parcel>
							</Parcels>
						</Consignment>
						<Consignment>
							<Number>IG0049318</Number>
							<DateSent>01-13-2016 21:28:48</DateSent>
							<Parcels>
								<Parcel>
									<Number>PBIG0049318001</Number>
									<Status>Delivered</Status>
								</Parcel>
							</Parcels>
						</Consignment>
					</Consignments>
				</TrackResponse>
			</ParcelTrackingEnquiryResult>
		</ParcelTrackingEnquiryResponse>
	</soap:Body>
</soap:Envelope>
