<soap:Envelope xmlns:xsi="http://www.w3.org/2001/XMLSchema-instance" xmlns:xsd="http://www.w3.org/2001/XMLSchema" xmlns:soap="http://schemas.xmlsoap.org/soap/envelope/">
	<soap:Body>
		<ParcelTrackingEnquiry xmlns="urn:royalmail/ParcelTracking/2003/06/23">
			<TrackRequest>
				<Parameters>
					<CustNum>A2035775176</CustNum>
					<StartDate>2015-01-01-00.00.00.000000</StartDate>
					<EndDate>2016-12-31-23.59.59.000000</EndDate>
					<MaxConsignments>501</MaxConsignments>
					<SearchType>QBSR</SearchType>
					<AccountNumbers>
						<AccountNumber>WOO7075</AccountNumber>
					</AccountNumbers>
				</Parameters>
			</TrackRequest>
		</ParcelTrackingEnquiry>
	</soap:Body>
</soap:Envelope>
