<soap:Envelope xmlns:soap="http://schemas.xmlsoap.org/soap/envelope/" xmlns:xsi="http://www.w3.org/2001/XMLSchema-instance" xmlns:xsd="http://www.w3.org/2001/XMLSchema">
	<soap:Body>
		<ParcelTrackingEnquiryResponse xmlns="urn:royalmail/ParcelTracking/2003/06/23">
			<ParcelTrackingEnquiryResult>
				<MultipleTrackingResponses xmlns="">
					<Response xmlns="http://xmllib.intranet.point/trackingv11.xsd">
						<TrackResponse>
							<CommonData Id="PBIF5149763001" CustNme="DIRECT LTD" DateSent="01-06-2016 12:07:09" Cont="P125024" Service="Express 24" Prod="Express 24" ItemAdv="00000" ItemCol="00001" ItemDel="00000" Brand="PE">
								<DelAd>
									<AddLabel>9 PENNINE WAY, SALTLEY BUSINESS PARK, SALTLEY, BIRMINGHAM</AddLabel>
									<PoCde>B99 9ZZ</PoCde>
									<Cntry>United Kingdom</Cntry>
								</DelAd>
								<CollAd>
									<AddLabel>THE MANSLEY CENTRE, TIMOTHYS BRIDGE ROAD, STRATFORD ENTERPRISE PARK, STRATFORD-UPON-AVON</AddLabel>
									<PoCde>CV37 9NQ</PoCde>
									<Cntry>United Kingdom</Cntry>
								</CollAd>
							</CommonData>
							<Item ItemId="PBIF5149763001" Status="Accepted">
								<Event EvntLoc="Coventry Depot" EvntDes="Collected" EvntTime="19:48:00" EvntDate="2016-01-06"/>
								<Event EvntLoc="Coventry Depot" EvntDes="On route to hub" EvntTime="19:46:00" EvntDate="2016-01-06"/>
							</Item>
						</TrackResponse>
					</Response>
					<Response xmlns="http://xmllib.intranet.point/trackingv11.xsd">
						<TrackResponse>
							<CommonData Id="PBIF8096870001" CustNme="DIRECT LTD" DateSent="01-12-2016 10:27:02" Cont="P125024" Service="Express 24" Prod="Express 24" ItemAdv="00000" ItemCol="00001" ItemDel="00000" Brand="PE">
								<DelAd>
									<AddLabel>7C-7E, BUDDLE ROAD, CLAY FLATTS INDUSTRIAL ESTATE, WORKINGTON</AddLabel>
									<PoCde>CA14 3YD</PoCde>
									<Cntry>United Kingdom</Cntry>
								</DelAd>
								<CollAd>
									<AddLabel>UNIT G1, TOM BILL WAY, ASHBY-DE-LA-ZOUCH</AddLabel>
									<PoCde>LE65 2UY</PoCde>
									<Cntry>United Kingdom</Cntry>
								</CollAd>
							</CommonData>
							<Item ItemId="PBIF8096870001" Status="In progress">
								<Event EvntLoc="Carlisle Depot" EvntDes="Do not display" EvntTime="07:46:00" EvntDate="2016-01-13"/>
								<Event EvntLoc="Carlisle Depot" EvntDes="Prepared for delivery" EvntTime="07:15:00" EvntDate="2016-01-13"/>
								<Event EvntLoc="Carlisle Depot" EvntDes="Arrived at delivery depot" EvntTime="02:34:00" EvntDate="2016-01-13"/>
							</Item>
						</TrackResponse>
					</Response>
					<Response xmlns="http://xmllib.intranet.point/trackingv11.xsd">
						<TrackResponse>
							<CommonData Id="PBIF8155388001" CustNme="DIRECT LTD" DateSent="01-13-2016 10:58:30" Cont="P125024" Service="Express 24" Prod="Express 24" ItemAdv="00000" ItemCol="00001" ItemDel="00000" Brand="PE">
								<DelAd>
									<AddLabel>9 PENNINE WAY, SALTLEY BUSINESS PARK, SALTLEY, BIRMINGHAM</AddLabel>
									<PoCde>B99 9ZZ</PoCde>
									<Cntry>United Kingdom</Cntry>
								</DelAd>
								<CollAd>
									<AddLabel>UNIT 34, CASTLE COURT, ROYAL AVENUE, BELFAST</AddLabel>
									<PoCde>BT1 1DD</PoCde>
									<Cntry>United Kingdom</Cntry>
								</CollAd>
							</CommonData>
							<Item ItemId="PBIF8155388001" Status="In progress">
								<Event EvntLoc="Belfast Central Depot" EvntDes="On route to hub" EvntTime="17:17:00" EvntDate="2016-01-13"/>
								<Event EvntLoc="Belfast Central Depot" EvntDes="Collected" EvntTime="14:48:00" EvntDate="2016-01-13"/>
							</Item>
						</TrackResponse>
					</Response>
				</MultipleTrackingResponses>
			</ParcelTrackingEnquiryResult>
		</ParcelTrackingEnquiryResponse>
	</soap:Body>
</soap:Envelope>
