<soap:Envelope xmlns:xsi="http://www.w3.org/2001/XMLSchema-instance" xmlns:xsd="http://www.w3.org/2001/XMLSchema" xmlns:soap="http://schemas.xmlsoap.org/soap/envelope/">
	<soap:Body>
		<ParcelTrackingEnquiry xmlns="urn:royalmail/ParcelTracking/2003/06/23">
			<TrackRequest>
				<Parameters>
					<SearchType>QBMT</SearchType>
					<Identifiers>
						<Identifier>PBIF5149763001</Identifier>
						<Identifier>PBIF8096870001</Identifier>
						<Identifier>PBIF8155388001</Identifier>
					</Identifiers>
				</Parameters>
			</TrackRequest>
		</ParcelTrackingEnquiry>
	</soap:Body>
</soap:Envelope>
