<soap:Envelope xmlns:xsi="http://www.w3.org/2001/XMLSchema-instance" xmlns:xsd="http://www.w3.org/2001/XMLSchema" xmlns:soap="http://schemas.xmlsoap.org/soap/envelope/">
	<soap:Body>
		<ParcelTrackingEnquiry xmlns="urn:royalmail/ParcelTracking/2003/06/23">
			<TrackRequest>
				<Parameters>
					<MaxConsignments>0</MaxConsignments>
					<SearchType>QFC</SearchType>
					<AccountNumbers>
						<AccountNumber>WOO7075</AccountNumber>
						<AccountNumber>WOO1765</AccountNumber>
					</AccountNumbers>
				</Parameters>
			</TrackRequest>
		</ParcelTrackingEnquiry>
	</soap:Body>
</soap:Envelope>
