<soap:Envelope xmlns:xsd="http://www.w3.org/2001/XMLSchema" xmlns:xsi="http://www.w3.org/2001/XMLSchema-instance" xmlns:soap="http://schemas.xmlsoap.org/soap/envelope/">
	<soap:Body>
		<ParcelTrackingEnquiryResponse xmlns="urn:royalmail/ParcelTracking/2003/06/23">
			<ParcelTrackingEnquiryResult>
				<TrackResponse xmlns="xmllib.intranet.point/trackingv11.xsd">
					<Consignments>
						<Consignment>
							<Number>IF5387533</Number>
							<DateSent>01-06-2016 14:40:25</DateSent>
							<Parcels>
								<Parcel>
									<Number>PBIF5387533001</Number>
									<Status>Accept Parcel</Status>
								</Parcel>
								<Parcel>
									<Number>PBIF5387533002</Number>
									<Status>Delivered</Status>
								</Parcel>
								<Parcel>
									<Number>PBIF5387533003</Number>
									<Status>Delivered</Status>
								</Parcel>
								<Parcel>
									<Number>PBIF5387533004</Number>
									<Status>Delivered</Status>
								</Parcel>
							</Parcels>
						</Consignment>
						<Consignment>
							<Number>XF6913010</Number>
							<DateSent>01-02-2016 19:00:50</DateSent>
							<Parcels>
								<Parcel>
									<Number>PBXF6913010003</Number>
									<Status>Delivered</Status>
								</Parcel>
								<Parcel>
									<Number>PBXF6913010002</Number>
									<Status>Delivered</Status>
								</Parcel>
								<Parcel>
									<Number>PBXF6913010001</Number>
									<Status>Delivered</Status>
								</Parcel>
								<Parcel>
									<Number>PBXF6913010004</Number>
									<Status>Delivered</Status>
								</Parcel>
							</Parcels>
						</Consignment>
						<Consignment>
							<Number>DJ0942287</Number>
							<DateSent>01-05-2016 21:32:55</DateSent>
							<Parcels>
								<Parcel>
									<Number>PBDJ0942287001</Number>
									<Status>Refused Acceptance</Status>
								</Parcel>
								<Parcel>
									<Number>PBDJ0942287003</Number>
									<Status>Refused Acceptance</Status>
								</Parcel>
								<Parcel>
									<Number>PBDJ0942287004</Number>
									<Status>Refused Acceptance</Status>
								</Parcel>
								<Parcel>
									<Number>PBDJ0942287002</Number>
									<Status>Refused Acceptance</Status>
								</Parcel>
							</Parcels>
						</Consignment>
					</Consignments>
				</TrackResponse>
			</ParcelTrackingEnquiryResult>
		</ParcelTrackingEnquiryResponse>
	</soap:Body>
</soap:Envelope>
