<soap:Envelope xmlns:xsd="http://www.w3.org/2001/XMLSchema" xmlns:xsi="http://www.w3.org/2001/XMLSchema-instance" xmlns:soap="http://schemas.xmlsoap.org/soap/envelope/">
	<soap:Body>
		<ParcelTrackingEnquiryResponse xmlns="urn:royalmail/ParcelTracking/2003/06/23">
			<ParcelTrackingEnquiryResult>
				<TrackResponse xmlns="xmllib.intranet.point/trackingv11.xsd">
					<Customers>
						<Customer>
							<AccountNumber>WOO7075</AccountNumber>
							<Status>N</Status>
						</Customer>
					</Customers>
				</TrackResponse>
			</ParcelTrackingEnquiryResult>
		</ParcelTrackingEnquiryResponse>
	</soap:Body>
</soap:Envelope>
