<soap:Envelope xmlns:xsd="http://www.w3.org/2001/XMLSchema" xmlns:xsi="http://www.w3.org/2001/XMLSchema-instance" xmlns:soap="http://schemas.xmlsoap.org/soap/envelope/">
	<soap:Body>
		<ParcelTrackingEnquiryResponse xmlns="urn:royalmail/ParcelTracking/2003/06/23">
			<ParcelTrackingEnquiryResult>
				<TrackResponse xmlns="xmllib.intranet.point/trackingv11.xsd">
					<Customers>
						<Customer>
							<AccountNumber>WOO7075</AccountNumber>
							<Status>Y</Status>
							<Contracts>
								<Contract>
									<ContractNumber>R639361</ContractNumber>
									<Status>T</Status>
								</Contract>
								<Contract>
									<ContractNumber>R639379</ContractNumber>
									<Status>T</Status>
								</Contract>
								<Contract>
									<ContractNumber>P125024</ContractNumber>
									<Status>Y</Status>
									<Products>
										<Product>
											<ProductCode>STE</ProductCode>
											<Description>Express 10</Description>
											<StructureNumber>0000000014</StructureNumber>
										</Product>
										<Product>
											<ProductCode>SUP</ProductCode>
											<Description>Express 48</Description>
											<StructureNumber>0000000035</StructureNumber>
										</Product>
										<Product>
											<ProductCode>SND</ProductCode>
											<Description>Express 24</Description>
											<StructureNumber>0000000043</StructureNumber>
										</Product>
									</Products>
								</Contract>
								<Contract>
									<ContractNumber>H775754</ContractNumber>
									<Status>Y</Status>
									<Products>
										<Product>
											<ProductCode>STW</ProductCode>
											<Description>Express AM</Description>
											<StructureNumber>0000000022</StructureNumber>
										</Product>
										<Product>
											<ProductCode>KPA</ProductCode>
											<Description>Express 24 Sunday Delivery</Description>
											<StructureNumber>0000048974</StructureNumber>
										</Product>
									</Products>
								</Contract>
								<Contract>
									<ContractNumber>P333387</ContractNumber>
									<Status>Y</Status>
									<Products/>
								</Contract>
								<Contract>
									<ContractNumber>R391432</ContractNumber>
									<Status>Y</Status>
									<Products/>
								</Contract>
								<Contract>
									<ContractNumber>R639353</ContractNumber>
									<Status>Y</Status>
									<Products/>
								</Contract>
								<Contract>
									<ContractNumber>R075808</ContractNumber>
									<Status>T</Status>
								</Contract>
								<Contract>
									<ContractNumber>R838658</ContractNumber>
									<Status>T</Status>
								</Contract>
							</Contracts>
						</Customer>
					</Customers>
				</TrackResponse>
			</ParcelTrackingEnquiryResult>
		</ParcelTrackingEnquiryResponse>
	</soap:Body>
</soap:Envelope>
