<soap:Envelope xmlns:xsi="http://www.w3.org/2001/XMLSchema-instance" xmlns:xsd="http://www.w3.org/2001/XMLSchema" xmlns:soap="http://schemas.xmlsoap.org/soap/envelope/">
	<soap:Body>
		<ParcelTrackingEnquiry xmlns="urn:royalmail/ParcelTracking/2003/06/23">
			<TrackRequest>
				<Parameters>
					<SearchType>AUTHQ</SearchType>
					<AccountsForAuthentication>
						<AccountForAuthentication>
							<AccountNumber>WOO7075</AccountNumber>
							<ContractNumber>H775754</ContractNumber>
						</AccountForAuthentication>
					</AccountsForAuthentication>
				</Parameters>
			</TrackRequest>
		</ParcelTrackingEnquiry>
	</soap:Body>
</soap:Envelope>
