<NS1:Envelope xmlns:NS1="http://schemas.xmlsoap.org/soap/envelope/">
   <NS1:Header>
      <NS2:integrationHeader xmlns:NS2="http://www.royalmailgroup.com/integration/core/V1">
         <NS2:version>2</NS2:version>
         <NS2:identification>
            <NS2:clientId>12</NS2:clientId>
            <NS2:applicationId>1001</NS2:applicationId>
            <NS2:intermediaryId>1001</NS2:intermediaryId>
            <NS2:transactionId>1001</NS2:transactionId>
         </NS2:identification>
         <NS2:debugAudit/>
      </NS2:integrationHeader>
   </NS1:Header>
   <NS1:Body>
      <NS3:PostMPETracksResponse xmlns:NS3="http://www.royalmailgroup.com/api/MPE-API/V1"/>
   </NS1:Body>
</NS1:Envelope>