<soapenv:Envelope xmlns:soapenv="http://schemas.xmlsoap.org/soap/envelope/" xmlns:v1="http://www.royalmailgroup.com/integration/core/V1" xmlns:v11="http://www.royalmailgroup.com/api/MPE-API/V1" xmlns:v12="http://www.royalmailgroup.com/api/ExternalMPE/V1">
   <soapenv:Header>
      <v1:integrationHeader>
         <v1:version>2</v1:version>
         <v1:identification>
            <v1:clientId>12</v1:clientId>
            <v1:applicationId>1001</v1:applicationId>
            <v1:intermediaryId>1001</v1:intermediaryId>
            <v1:transactionId>1001</v1:transactionId>
         </v1:identification>
         <v1:debugAudit>
         </v1:debugAudit>
      </v1:integrationHeader>
   </soapenv:Header>
   <soapenv:Body>
      <v11:PostMPETracksRequest>
         <v12:MPE-BarcodeScanList>
            <v12:MPE-BarcodeScan>
               <v12:Operator>
                  <v12:ID>12</v12:ID>
                  <v12:Name>Paul</v12:Name>
                  <v12:LocationID>012660</v12:LocationID>
               </v12:Operator>
               <v12:EventCode>1111</v12:EventCode>
               <v12:EventTimestamp>2015-01-18T20:30:00Z</v12:EventTimestamp>
               <v12:Barcode>
                  <v12:OneDBarcode>SE020000035GB</v12:OneDBarcode>
                  <v12:TwoDBarcode>JGB 42121A            00000250    00165250116      12      9GB      GBRWD172QDS</v12:TwoDBarcode>
               </v12:Barcode>
               <v12:ProofOfDelivery>
               </v12:ProofOfDelivery>
               <v12:AlternateDeliveryLocation>
                  <v12:DeliveryToSafePlace>
                     <v12:SafePlaceFieldList>
                        <v12:Name>Noida</v12:Name>
                        <v12:Value>300</v12:Value>
                     </v12:SafePlaceFieldList>
                  </v12:DeliveryToSafePlace>
               </v12:AlternateDeliveryLocation>
               <v12:Extensions>
                  <v12:Extension>
                     <v12:Name>Delhi</v12:Name>
                     <v12:Value>200</v12:Value>
                  </v12:Extension>
               </v12:Extensions>
            </v12:MPE-BarcodeScan>
         </v12:MPE-BarcodeScanList>
      </v11:PostMPETracksRequest>
   </soapenv:Body>
</soapenv:Envelope>