<soapenv:Envelope xmlns:soapenv="http://schemas.xmlsoap.org/soap/envelope/" xmlns:v1="http://www.royalmailgroup.com/integration/core/V1" xmlns:v11="http://www.royalmailgroup.com/api/MPE-API/V1" xmlns:v12="http://www.royalmailgroup.com/api/ExternalMPE/V1">
   <soapenv:Header>
      <v1:integrationHeader>
         <v1:version>23</v1:version>
         <v1:identification>
            <v1:endUserId>12</v1:endUserId>
            <v1:clientId>12</v1:clientId>
            <v1:applicationId>1001</v1:applicationId>
            <v1:intermediaryId>1001</v1:intermediaryId>
            <v1:transactionId>1001</v1:transactionId>
         </v1:identification>
         <v1:debugAudit>
            <v1:testFlag>1</v1:testFlag>
            <v1:debugFlag>1</v1:debugFlag>
            <v1:performanceFlag>1</v1:performanceFlag>
            <v1:messageAuditFlag>1</v1:messageAuditFlag>
         </v1:debugAudit>
      </v1:integrationHeader>
   </soapenv:Header>
   <soapenv:Body>
      <v11:PostMPETracksRequest>
         <v12:MPE-BarcodeScanList>
            <!--Zero or more repetitions:-->
            <v12:MPE-BarcodeScan>
               <v12:Operator>
                  <v12:ID>12</v12:ID>
                  <v12:Name>paul</v12:Name>
                  <v12:LocationID>13</v12:LocationID>
               </v12:Operator>
               <v12:EventCode>10</v12:EventCode>
               <v12:EventDescription>11</v12:EventDescription><v12:EventComment>134</v12:EventComment>
               <v12:Barcode>
                  <v12:OneDBarcode>090368060000787F4BADA </v12:OneDBarcode>
                  <v12:TwoDBarcode>JGB 42121A            00000250    001652501163401TT123456789GB      GBRWD172QDS</v12:TwoDBarcode>
               </v12:Barcode>
               <v12:ProofOfDelivery>
                  <v12:SignatoryName>Ky123Dfs</v12:SignatoryName>
                  <v12:svg height="1" width="2">
                     <!--1 or more repetitions:-->
                     <v12:polyline style="1" points="1"/>
                  </v12:svg>
                  <v12:ImageURL>https://preeti.com</v12:ImageURL>
               </v12:ProofOfDelivery>
               <v12:AlternateDeliveryLocation>
                  <!--You have a CHOICE of the next 2 items at this level-->
                  <v12:DeliveryToNeighbour>
                     <v12:NeighbourName>Noida</v12:NeighbourName>
                     <v12:BuildingName>Spaze</v12:BuildingName>
                     <v12:BuildingNumber>N12</v12:BuildingNumber>
                     <v12:AddressLine1>gurgaon</v12:AddressLine1>
                     <v12:AddressLine2>Sohana</v12:AddressLine2>
                     <v12:AddressLine3>Delhi</v12:AddressLine3>
                     <v12:AddressLine4>Park</v12:AddressLine4>
                     <v12:AddressLine5>Omaxe Nile</v12:AddressLine5>
                     <v12:Town>Mohali</v12:Town>
                     <v12:County>India1</v12:County>
                     <v12:Postcode>140001</v12:Postcode>
                     <v12:Country>India</v12:Country>
                  </v12:DeliveryToNeighbour>
               </v12:AlternateDeliveryLocation>
               <v12:Extensions>
                  <!--1 or more repetitions:-->
                  <v12:Extension>
                     <v12:Name>Gauri Veen</v12:Name>
                     <v12:Value>543</v12:Value>
                  </v12:Extension>
               </v12:Extensions>
            </v12:MPE-BarcodeScan>
         </v12:MPE-BarcodeScanList>
      </v11:PostMPETracksRequest>
   </soapenv:Body>
</soapenv:Envelope>