<soapenv:Envelope xmlns:soapenv="http://schemas.xmlsoap.org/soap/envelope/">
   <soapenv:Body>
      <NS1:createPostageResponse xmlns:NS1="http://www.royalmailgroup.com/api/onlinePostage/V1">
         <integrationHeader>
            <NS2:dateTime xmlns:NS2="http://www.royalmailgroup.com/integration/core/V1">2015-12-01T09:38:50</NS2:dateTime>
            <NS3:identification xmlns:NS3="http://www.royalmailgroup.com/integration/core/V1">
               <NS3:endUserId>ABC</NS3:endUserId>
               <NS3:applicationId>123456789</NS3:applicationId>
               <NS3:transactionId>1818577681</NS3:transactionId>
            </NS3:identification>
         </integrationHeader>
         <createPostageReturn>
            <postageListResult>
               <postage>
                  <indiciaIDOrTrackingNo>06000000026</indiciaIDOrTrackingNo>
                  <postByDate>2015-12-02</postByDate>
                  <indiciaStream>SkdCIDgyMTcxQTA2MDAwMDAwMDI2MDAwMDEwMDEwMDA2MzAxMTIxNTAwNiAgICAgICAgICAgICAgICAgICBFQzFBMUFBICBHQiAgICAgICAgICAg</indiciaStream>
                  <trackingIndicator/>
                  <watermarkIndicator/>
                  <ppiIndicator/>
                  <fimBarIndicator/>
               </postage>
            </postageListResult>
            <genericResponseStructure>
               <serviceTransactionTime>2015-12-01T09:38:53.736566</serviceTransactionTime>
            </genericResponseStructure>
         </createPostageReturn>
         <integrationFooter/>
      </NS1:createPostageResponse>
   </soapenv:Body>
</soapenv:Envelope>