<soapenv:Envelope xmlns:soapenv="http://schemas.xmlsoap.org/soap/envelope/">
   <soapenv:Body>
      <NS1:getCountriesResponse xmlns:NS1="http://www.royalmailgroup.com/api/onlinePostage/V1">
         <integrationHeader>
            <NS2:identification xmlns:NS2="http://www.royalmailgroup.com/integration/core/V1">
               <NS2:applicationId>q6g420yL07</NS2:applicationId>
               <NS2:transactionId>143699146</NS2:transactionId>
            </NS2:identification>
         </integrationHeader>
         <getCountriesReturn>
            <countryList>
               <countryType>
                  <countryCode>
                     <identifier>AD</identifier>
                     <code>AD</code>
                     <name>ANDORRA</name>
                     <description>ANDORRA</description>
                  </countryCode>
               </countryType>
               <countryType>
                  <countryCode>
                     <identifier>AE</identifier>
                     <code>AE</code>
                     <name>UNITED ARAB EMIRATES</name>
                     <description>UNITED ARAB EMIRATES</description>
                  </countryCode>
               </countryType>
               <countryType>
                  <countryCode>
                     <identifier>AF</identifier>
                     <code>AF</code>
                     <name>AFGHANISTAN</name>
                     <description>AFGHANISTAN</description>
                  </countryCode>
               </countryType>
               <countryType>
                  <countryCode>
                     <identifier>AG</identifier>
                     <code>AG</code>
                     <name>ANTIGUA AND BARBUDA</name>
                     <description>ANTIGUA AND BARBUDA</description>
                  </countryCode>
               </countryType>
               <countryType>
                  <countryCode>
                     <identifier>AI</identifier>
                     <code>AI</code>
                     <name>ANGUILLA</name>
                     <description>ANGUILLA</description>
                  </countryCode>
               </countryType>
               <countryType>
                  <countryCode>
                     <identifier>AL</identifier>
                     <code>AL</code>
                     <name>ALBANIA</name>
                     <description>ALBANIA</description>
                  </countryCode>
               </countryType>
               <countryType>
                  <countryCode>
                     <identifier>AM</identifier>
                     <code>AM</code>
                     <name>ARMENIA</name>
                     <description>ARMENIA</description>
                  </countryCode>
               </countryType>
               <countryType>
                  <countryCode>
                     <identifier>AO</identifier>
                     <code>AO</code>
                     <name>ANGOLA</name>
                     <description>ANGOLA</description>
                  </countryCode>
               </countryType>
               <countryType>
                  <countryCode>
                     <identifier>AR</identifier>
                     <code>AR</code>
                     <name>ARGENTINA</name>
                     <description>ARGENTINA</description>
                  </countryCode>
               </countryType>
               <countryType>
                  <countryCode>
                     <identifier>AT</identifier>
                     <code>AT</code>
                     <name>AUSTRIA</name>
                     <description>AUSTRIA</description>
                  </countryCode>
               </countryType>
               <countryType>
                  <countryCode>
                     <identifier>AU</identifier>
                     <code>AU</code>
                     <name>AUSTRALIA</name>
                     <description>AUSTRALIA</description>
                  </countryCode>
               </countryType>
               <countryType>
                  <countryCode>
                     <identifier>AW</identifier>
                     <code>AW</code>
                     <name>ARUBA</name>
                     <description>ARUBA</description>
                  </countryCode>
               </countryType>
               <countryType>
                  <countryCode>
                     <identifier>AZ</identifier>
                     <code>AZ</code>
                     <name>AZERBAIJAN</name>
                     <description>AZERBAIJAN</description>
                  </countryCode>
               </countryType>
               <countryType>
                  <countryCode>
                     <identifier>BA</identifier>
                     <code>BA</code>
                     <name>BOSNIA-HERZEGOVINA</name>
                     <description>BOSNIA-HERZEGOVINA</description>
                  </countryCode>
               </countryType>
               <countryType>
                  <countryCode>
                     <identifier>BB</identifier>
                     <code>BB</code>
                     <name>BARBADOS</name>
                     <description>BARBADOS</description>
                  </countryCode>
               </countryType>
               <countryType>
                  <countryCode>
                     <identifier>BD</identifier>
                     <code>BD</code>
                     <name>BANGLADESH</name>
                     <description>BANGLADESH</description>
                  </countryCode>
               </countryType>
               <countryType>
                  <countryCode>
                     <identifier>BE</identifier>
                     <code>BE</code>
                     <name>BELGIUM</name>
                     <description>BELGIUM</description>
                  </countryCode>
               </countryType>
               <countryType>
                  <countryCode>
                     <identifier>BF</identifier>
                     <code>BF</code>
                     <name>BURKINA FASO</name>
                     <description>BURKINA FASO</description>
                  </countryCode>
               </countryType>
               <countryType>
                  <countryCode>
                     <identifier>BG</identifier>
                     <code>BG</code>
                     <name>BULGARIA</name>
                     <description>BULGARIA</description>
                  </countryCode>
               </countryType>
               <countryType>
                  <countryCode>
                     <identifier>BH</identifier>
                     <code>BH</code>
                     <name>BAHRAIN</name>
                     <description>BAHRAIN</description>
                  </countryCode>
               </countryType>
               <countryType>
                  <countryCode>
                     <identifier>BI</identifier>
                     <code>BI</code>
                     <name>BURUNDI</name>
                     <description>BURUNDI</description>
                  </countryCode>
               </countryType>
               <countryType>
                  <countryCode>
                     <identifier>BJ</identifier>
                     <code>BJ</code>
                     <name>BENIN</name>
                     <description>BENIN</description>
                  </countryCode>
               </countryType>
               <countryType>
                  <countryCode>
                     <identifier>BL</identifier>
                     <code>BL</code>
                     <name>BALEARIC ISLANDS</name>
                     <description>BALEARIC ISLANDS</description>
                  </countryCode>
               </countryType>
               <countryType>
                  <countryCode>
                     <identifier>BM</identifier>
                     <code>BM</code>
                     <name>BERMUDA</name>
                     <description>BERMUDA</description>
                  </countryCode>
               </countryType>
               <countryType>
                  <countryCode>
                     <identifier>BN</identifier>
                     <code>BN</code>
                     <name>BRUNEI DARUSSALAM</name>
                     <description>BRUNEI DARUSSALAM</description>
                  </countryCode>
               </countryType>
               <countryType>
                  <countryCode>
                     <identifier>BO</identifier>
                     <code>BO</code>
                     <name>BOLIVIA</name>
                     <description>BOLIVIA</description>
                  </countryCode>
               </countryType>
               <countryType>
                  <countryCode>
                     <identifier>BQ</identifier>
                     <code>BQ</code>
                     <name>BONAIRE SABA SINT EUSTATIUS</name>
                     <description>BONAIRE SABA SINT EUSTATIUS</description>
                  </countryCode>
               </countryType>
               <countryType>
                  <countryCode>
                     <identifier>BR</identifier>
                     <code>BR</code>
                     <name>BRAZIL</name>
                     <description>BRAZIL</description>
                  </countryCode>
               </countryType>
               <countryType>
                  <countryCode>
                     <identifier>BS</identifier>
                     <code>BS</code>
                     <name>BAHAMAS</name>
                     <description>BAHAMAS</description>
                  </countryCode>
               </countryType>
               <countryType>
                  <countryCode>
                     <identifier>BT</identifier>
                     <code>BT</code>
                     <name>BHUTAN</name>
                     <description>BHUTAN</description>
                  </countryCode>
               </countryType>
               <countryType>
                  <countryCode>
                     <identifier>BW</identifier>
                     <code>BW</code>
                     <name>BOTSWANA</name>
                     <description>BOTSWANA</description>
                  </countryCode>
               </countryType>
               <countryType>
                  <countryCode>
                     <identifier>BY</identifier>
                     <code>BY</code>
                     <name>BELARUS</name>
                     <description>BELARUS</description>
                  </countryCode>
               </countryType>
               <countryType>
                  <countryCode>
                     <identifier>BZ</identifier>
                     <code>BZ</code>
                     <name>BELIZE</name>
                     <description>BELIZE</description>
                  </countryCode>
               </countryType>
               <countryType>
                  <countryCode>
                     <identifier>CA</identifier>
                     <code>CA</code>
                     <name>CANADA</name>
                     <description>CANADA</description>
                  </countryCode>
               </countryType>
               <countryType>
                  <countryCode>
                     <identifier>CB</identifier>
                     <code>CB</code>
                     <name>GUANTANAMO BAY</name>
                     <description>GUANTANAMO BAY</description>
                  </countryCode>
               </countryType>
               <countryType>
                  <countryCode>
                     <identifier>CC</identifier>
                     <code>CC</code>
                     <name>COCOS (KEELING) ISLANDS</name>
                     <description>COCOS (KEELING) ISLANDS</description>
                  </countryCode>
               </countryType>
               <countryType>
                  <countryCode>
                     <identifier>CD</identifier>
                     <code>CD</code>
                     <name>CONGO  DEMOCRATIC REPUBLIC OF THE</name>
                     <description>CONGO  DEMOCRATIC REPUBLIC OF THE</description>
                  </countryCode>
               </countryType>
               <countryType>
                  <countryCode>
                     <identifier>CF</identifier>
                     <code>CF</code>
                     <name>CENTRAL AFRICAN REPUBLIC</name>
                     <description>CENTRAL AFRICAN REPUBLIC</description>
                  </countryCode>
               </countryType>
               <countryType>
                  <countryCode>
                     <identifier>CG</identifier>
                     <code>CG</code>
                     <name>CONGO</name>
                     <description>CONGO</description>
                  </countryCode>
               </countryType>
               <countryType>
                  <countryCode>
                     <identifier>CH</identifier>
                     <code>CH</code>
                     <name>SWITZERLAND</name>
                     <description>SWITZERLAND</description>
                  </countryCode>
               </countryType>
               <countryType>
                  <countryCode>
                     <identifier>CI</identifier>
                     <code>CI</code>
                     <name>IVORY COAST</name>
                     <description>IVORY COAST</description>
                  </countryCode>
               </countryType>
               <countryType>
                  <countryCode>
                     <identifier>CL</identifier>
                     <code>CL</code>
                     <name>CHILE</name>
                     <description>CHILE</description>
                  </countryCode>
               </countryType>
               <countryType>
                  <countryCode>
                     <identifier>CM</identifier>
                     <code>CM</code>
                     <name>CAMEROON</name>
                     <description>CAMEROON</description>
                  </countryCode>
               </countryType>
               <countryType>
                  <countryCode>
                     <identifier>CN</identifier>
                     <code>CN</code>
                     <name>CHINA</name>
                     <description>CHINA</description>
                  </countryCode>
               </countryType>
               <countryType>
                  <countryCode>
                     <identifier>CO</identifier>
                     <code>CO</code>
                     <name>COLOMBIA</name>
                     <description>COLOMBIA</description>
                  </countryCode>
               </countryType>
               <countryType>
                  <countryCode>
                     <identifier>CR</identifier>
                     <code>CR</code>
                     <name>COSTA RICA</name>
                     <description>COSTA RICA</description>
                  </countryCode>
               </countryType>
               <countryType>
                  <countryCode>
                     <identifier>CU</identifier>
                     <code>CU</code>
                     <name>CUBA</name>
                     <description>CUBA</description>
                  </countryCode>
               </countryType>
               <countryType>
                  <countryCode>
                     <identifier>CV</identifier>
                     <code>CV</code>
                     <name>CAPE VERDE</name>
                     <description>CAPE VERDE</description>
                  </countryCode>
               </countryType>
               <countryType>
                  <countryCode>
                     <identifier>CW</identifier>
                     <code>CW</code>
                     <name>CURACAO</name>
                     <description>CURACAO</description>
                  </countryCode>
               </countryType>
               <countryType>
                  <countryCode>
                     <identifier>CX</identifier>
                     <code>CX</code>
                     <name>CHRISTMAS ISLAND</name>
                     <description>CHRISTMAS ISLAND</description>
                  </countryCode>
               </countryType>
               <countryType>
                  <countryCode>
                     <identifier>CY</identifier>
                     <code>CY</code>
                     <name>CYPRUS</name>
                     <description>CYPRUS</description>
                  </countryCode>
               </countryType>
               <countryType>
                  <countryCode>
                     <identifier>CZ</identifier>
                     <code>CZ</code>
                     <name>CZECH REPUBLIC</name>
                     <description>CZECH REPUBLIC</description>
                  </countryCode>
               </countryType>
               <countryType>
                  <countryCode>
                     <identifier>DE</identifier>
                     <code>DE</code>
                     <name>GERMANY</name>
                     <description>GERMANY</description>
                  </countryCode>
               </countryType>
               <countryType>
                  <countryCode>
                     <identifier>DJ</identifier>
                     <code>DJ</code>
                     <name>DJIBOUTI</name>
                     <description>DJIBOUTI</description>
                  </countryCode>
               </countryType>
               <countryType>
                  <countryCode>
                     <identifier>DK</identifier>
                     <code>DK</code>
                     <name>DENMARK</name>
                     <description>DENMARK</description>
                  </countryCode>
               </countryType>
               <countryType>
                  <countryCode>
                     <identifier>DM</identifier>
                     <code>DM</code>
                     <name>DOMINICA</name>
                     <description>DOMINICA</description>
                  </countryCode>
               </countryType>
               <countryType>
                  <countryCode>
                     <identifier>DO</identifier>
                     <code>DO</code>
                     <name>DOMINICAN REPUBLIC</name>
                     <description>DOMINICAN REPUBLIC</description>
                  </countryCode>
               </countryType>
               <countryType>
                  <countryCode>
                     <identifier>DZ</identifier>
                     <code>DZ</code>
                     <name>ALGERIA</name>
                     <description>ALGERIA</description>
                  </countryCode>
               </countryType>
               <countryType>
                  <countryCode>
                     <identifier>EC</identifier>
                     <code>EC</code>
                     <name>ECUADOR</name>
                     <description>ECUADOR</description>
                  </countryCode>
               </countryType>
               <countryType>
                  <countryCode>
                     <identifier>EE</identifier>
                     <code>EE</code>
                     <name>ESTONIA</name>
                     <description>ESTONIA</description>
                  </countryCode>
               </countryType>
               <countryType>
                  <countryCode>
                     <identifier>EG</identifier>
                     <code>EG</code>
                     <name>EGYPT</name>
                     <description>EGYPT</description>
                  </countryCode>
               </countryType>
               <countryType>
                  <countryCode>
                     <identifier>ER</identifier>
                     <code>ER</code>
                     <name>ERITREA</name>
                     <description>ERITREA</description>
                  </countryCode>
               </countryType>
               <countryType>
                  <countryCode>
                     <identifier>ES</identifier>
                     <code>ES</code>
                     <name>SPAIN</name>
                     <description>SPAIN</description>
                  </countryCode>
               </countryType>
               <countryType>
                  <countryCode>
                     <identifier>ES1</identifier>
                     <code>ES1</code>
                     <name>CANARY ISLANDS</name>
                     <description>CANARY ISLANDS</description>
                  </countryCode>
               </countryType>
               <countryType>
                  <countryCode>
                     <identifier>ET</identifier>
                     <code>ET</code>
                     <name>ETHIOPIA</name>
                     <description>ETHIOPIA</description>
                  </countryCode>
               </countryType>
               <countryType>
                  <countryCode>
                     <identifier>FI</identifier>
                     <code>FI</code>
                     <name>FINLAND</name>
                     <description>FINLAND</description>
                  </countryCode>
               </countryType>
               <countryType>
                  <countryCode>
                     <identifier>FJ</identifier>
                     <code>FJ</code>
                     <name>FIJI</name>
                     <description>FIJI</description>
                  </countryCode>
               </countryType>
               <countryType>
                  <countryCode>
                     <identifier>FK</identifier>
                     <code>FK</code>
                     <name>FALKLAND ISLANDS</name>
                     <description>FALKLAND ISLANDS</description>
                  </countryCode>
               </countryType>
               <countryType>
                  <countryCode>
                     <identifier>FM</identifier>
                     <code>FM</code>
                     <name>MICRONESIA  FEDERATED STATES OF</name>
                     <description>MICRONESIA  FEDERATED STATES OF</description>
                  </countryCode>
               </countryType>
               <countryType>
                  <countryCode>
                     <identifier>FO</identifier>
                     <code>FO</code>
                     <name>FAROE ISLANDS</name>
                     <description>FAROE ISLANDS</description>
                  </countryCode>
               </countryType>
               <countryType>
                  <countryCode>
                     <identifier>FR</identifier>
                     <code>FR</code>
                     <name>FRANCE</name>
                     <description>FRANCE</description>
                  </countryCode>
               </countryType>
               <countryType>
                  <countryCode>
                     <identifier>FR1</identifier>
                     <code>FR1</code>
                     <name>CORSICA</name>
                     <description>CORSICA</description>
                  </countryCode>
               </countryType>
               <countryType>
                  <countryCode>
                     <identifier>FW</identifier>
                     <code>FW</code>
                     <name>FRENCH WEST INDIES</name>
                     <description>FRENCH WEST INDIES</description>
                  </countryCode>
               </countryType>
               <countryType>
                  <countryCode>
                     <identifier>GA</identifier>
                     <code>GA</code>
                     <name>GABON</name>
                     <description>GABON</description>
                  </countryCode>
               </countryType>
               <countryType>
                  <countryCode>
                     <identifier>GB</identifier>
                     <code>GB</code>
                     <name>UNITED KINGDOM</name>
                     <description>UNITED KINGDOM</description>
                  </countryCode>
               </countryType>
               <countryType>
                  <countryCode>
                     <identifier>GD</identifier>
                     <code>GD</code>
                     <name>GRENADA</name>
                     <description>GRENADA</description>
                  </countryCode>
               </countryType>
               <countryType>
                  <countryCode>
                     <identifier>GE</identifier>
                     <code>GE</code>
                     <name>GEORGIA</name>
                     <description>GEORGIA</description>
                  </countryCode>
               </countryType>
               <countryType>
                  <countryCode>
                     <identifier>GF</identifier>
                     <code>GF</code>
                     <name>FRENCH GUIANA</name>
                     <description>FRENCH GUIANA</description>
                  </countryCode>
               </countryType>
               <countryType>
                  <countryCode>
                     <identifier>GG</identifier>
                     <code>GG</code>
                     <name>GUERNSEY</name>
                     <description>GUERNSEY</description>
                  </countryCode>
               </countryType>
               <countryType>
                  <countryCode>
                     <identifier>GH</identifier>
                     <code>GH</code>
                     <name>GHANA</name>
                     <description>GHANA</description>
                  </countryCode>
               </countryType>
               <countryType>
                  <countryCode>
                     <identifier>GI</identifier>
                     <code>GI</code>
                     <name>GIBRALTAR</name>
                     <description>GIBRALTAR</description>
                  </countryCode>
               </countryType>
               <countryType>
                  <countryCode>
                     <identifier>GL</identifier>
                     <code>GL</code>
                     <name>GREENLAND</name>
                     <description>GREENLAND</description>
                  </countryCode>
               </countryType>
               <countryType>
                  <countryCode>
                     <identifier>GM</identifier>
                     <code>GM</code>
                     <name>GAMBIA</name>
                     <description>GAMBIA</description>
                  </countryCode>
               </countryType>
               <countryType>
                  <countryCode>
                     <identifier>GN</identifier>
                     <code>GN</code>
                     <name>GUINEA</name>
                     <description>GUINEA</description>
                  </countryCode>
               </countryType>
               <countryType>
                  <countryCode>
                     <identifier>GP</identifier>
                     <code>GP</code>
                     <name>GUADELOUPE</name>
                     <description>GUADELOUPE</description>
                  </countryCode>
               </countryType>
               <countryType>
                  <countryCode>
                     <identifier>GQ</identifier>
                     <code>GQ</code>
                     <name>EQUATORIAL GUINEA</name>
                     <description>EQUATORIAL GUINEA</description>
                  </countryCode>
               </countryType>
               <countryType>
                  <countryCode>
                     <identifier>GR</identifier>
                     <code>GR</code>
                     <name>GREECE</name>
                     <description>GREECE</description>
                  </countryCode>
               </countryType>
               <countryType>
                  <countryCode>
                     <identifier>GS</identifier>
                     <code>GS</code>
                     <name>SOUTH GEORGIA AND THE SOUTH SANDWICH ISLANDS</name>
                     <description>SOUTH GEORGIA AND THE SOUTH SANDWICH ISLANDS</description>
                  </countryCode>
               </countryType>
               <countryType>
                  <countryCode>
                     <identifier>GT</identifier>
                     <code>GT</code>
                     <name>GUATEMALA</name>
                     <description>GUATEMALA</description>
                  </countryCode>
               </countryType>
               <countryType>
                  <countryCode>
                     <identifier>GU</identifier>
                     <code>GU</code>
                     <name>GUAM</name>
                     <description>GUAM</description>
                  </countryCode>
               </countryType>
               <countryType>
                  <countryCode>
                     <identifier>GU4</identifier>
                     <code>GU4</code>
                     <name>PALAU</name>
                     <description>PALAU</description>
                  </countryCode>
               </countryType>
               <countryType>
                  <countryCode>
                     <identifier>GW</identifier>
                     <code>GW</code>
                     <name>GUINEA-BISSAU</name>
                     <description>GUINEA-BISSAU</description>
                  </countryCode>
               </countryType>
               <countryType>
                  <countryCode>
                     <identifier>GY</identifier>
                     <code>GY</code>
                     <name>GUYANA</name>
                     <description>GUYANA</description>
                  </countryCode>
               </countryType>
               <countryType>
                  <countryCode>
                     <identifier>HF</identifier>
                     <code>HF</code>
                     <name>HFORCES</name>
                     <description>HFORCES</description>
                  </countryCode>
               </countryType>
               <countryType>
                  <countryCode>
                     <identifier>HK</identifier>
                     <code>HK</code>
                     <name>HONG KONG</name>
                     <description>HONG KONG</description>
                  </countryCode>
               </countryType>
               <countryType>
                  <countryCode>
                     <identifier>HN</identifier>
                     <code>HN</code>
                     <name>HONDURAS</name>
                     <description>HONDURAS</description>
                  </countryCode>
               </countryType>
               <countryType>
                  <countryCode>
                     <identifier>HR</identifier>
                     <code>HR</code>
                     <name>CROATIA</name>
                     <description>CROATIA</description>
                  </countryCode>
               </countryType>
               <countryType>
                  <countryCode>
                     <identifier>HT</identifier>
                     <code>HT</code>
                     <name>HAITI</name>
                     <description>HAITI</description>
                  </countryCode>
               </countryType>
               <countryType>
                  <countryCode>
                     <identifier>HU</identifier>
                     <code>HU</code>
                     <name>HUNGARY</name>
                     <description>HUNGARY</description>
                  </countryCode>
               </countryType>
               <countryType>
                  <countryCode>
                     <identifier>ID</identifier>
                     <code>ID</code>
                     <name>INDONESIA</name>
                     <description>INDONESIA</description>
                  </countryCode>
               </countryType>
               <countryType>
                  <countryCode>
                     <identifier>IE</identifier>
                     <code>IE</code>
                     <name>IRELAND</name>
                     <description>IRELAND</description>
                  </countryCode>
               </countryType>
               <countryType>
                  <countryCode>
                     <identifier>IL</identifier>
                     <code>IL</code>
                     <name>ISRAEL</name>
                     <description>ISRAEL</description>
                  </countryCode>
               </countryType>
               <countryType>
                  <countryCode>
                     <identifier>IL1</identifier>
                     <code>IL1</code>
                     <name>GAZA</name>
                     <description>GAZA</description>
                  </countryCode>
               </countryType>
               <countryType>
                  <countryCode>
                     <identifier>IN</identifier>
                     <code>IN</code>
                     <name>INDIA</name>
                     <description>INDIA</description>
                  </countryCode>
               </countryType>
               <countryType>
                  <countryCode>
                     <identifier>IO</identifier>
                     <code>IO</code>
                     <name>BRITISH INDIAN OCEAN TERRITORY</name>
                     <description>BRITISH INDIAN OCEAN TERRITORY</description>
                  </countryCode>
               </countryType>
               <countryType>
                  <countryCode>
                     <identifier>IQ</identifier>
                     <code>IQ</code>
                     <name>IRAQ</name>
                     <description>IRAQ</description>
                  </countryCode>
               </countryType>
               <countryType>
                  <countryCode>
                     <identifier>IR</identifier>
                     <code>IR</code>
                     <name>IRAN  ISLAMIC REPUBLIC OF</name>
                     <description>IRAN  ISLAMIC REPUBLIC OF</description>
                  </countryCode>
               </countryType>
               <countryType>
                  <countryCode>
                     <identifier>IS</identifier>
                     <code>IS</code>
                     <name>ICELAND</name>
                     <description>ICELAND</description>
                  </countryCode>
               </countryType>
               <countryType>
                  <countryCode>
                     <identifier>IT</identifier>
                     <code>IT</code>
                     <name>ITALY</name>
                     <description>ITALY</description>
                  </countryCode>
               </countryType>
               <countryType>
                  <countryCode>
                     <identifier>JE</identifier>
                     <code>JE</code>
                     <name>JERSEY</name>
                     <description>JERSEY</description>
                  </countryCode>
               </countryType>
               <countryType>
                  <countryCode>
                     <identifier>JM</identifier>
                     <code>JM</code>
                     <name>JAMAICA</name>
                     <description>JAMAICA</description>
                  </countryCode>
               </countryType>
               <countryType>
                  <countryCode>
                     <identifier>JO</identifier>
                     <code>JO</code>
                     <name>JORDAN</name>
                     <description>JORDAN</description>
                  </countryCode>
               </countryType>
               <countryType>
                  <countryCode>
                     <identifier>JP</identifier>
                     <code>JP</code>
                     <name>JAPAN</name>
                     <description>JAPAN</description>
                  </countryCode>
               </countryType>
               <countryType>
                  <countryCode>
                     <identifier>KE</identifier>
                     <code>KE</code>
                     <name>KENYA</name>
                     <description>KENYA</description>
                  </countryCode>
               </countryType>
               <countryType>
                  <countryCode>
                     <identifier>KG</identifier>
                     <code>KG</code>
                     <name>KYRGYZSTAN</name>
                     <description>KYRGYZSTAN</description>
                  </countryCode>
               </countryType>
               <countryType>
                  <countryCode>
                     <identifier>KH</identifier>
                     <code>KH</code>
                     <name>CAMBODIA</name>
                     <description>CAMBODIA</description>
                  </countryCode>
               </countryType>
               <countryType>
                  <countryCode>
                     <identifier>KI</identifier>
                     <code>KI</code>
                     <name>KIRIBATI</name>
                     <description>KIRIBATI</description>
                  </countryCode>
               </countryType>
               <countryType>
                  <countryCode>
                     <identifier>KM</identifier>
                     <code>KM</code>
                     <name>COMOROS</name>
                     <description>COMOROS</description>
                  </countryCode>
               </countryType>
               <countryType>
                  <countryCode>
                     <identifier>KN1</identifier>
                     <code>KN1</code>
                     <name>SAINT KITTS (ST. CHRISTOPHER AND NEVIS)</name>
                     <description>SAINT KITTS (ST. CHRISTOPHER AND NEVIS)</description>
                  </countryCode>
               </countryType>
               <countryType>
                  <countryCode>
                     <identifier>KP</identifier>
                     <code>KP</code>
                     <name>KOREA  DEMOCRATIC PEOPLE'S REPUBLIC OF</name>
                     <description>KOREA  DEMOCRATIC PEOPLE'S REPUBLIC OF</description>
                  </countryCode>
               </countryType>
               <countryType>
                  <countryCode>
                     <identifier>KR</identifier>
                     <code>KR</code>
                     <name>KOREA  REPUBLIC OF</name>
                     <description>KOREA  REPUBLIC OF</description>
                  </countryCode>
               </countryType>
               <countryType>
                  <countryCode>
                     <identifier>KS</identifier>
                     <code>KS</code>
                     <name>KOSOVO</name>
                     <description>KOSOVO</description>
                  </countryCode>
               </countryType>
               <countryType>
                  <countryCode>
                     <identifier>KW</identifier>
                     <code>KW</code>
                     <name>KUWAIT</name>
                     <description>KUWAIT</description>
                  </countryCode>
               </countryType>
               <countryType>
                  <countryCode>
                     <identifier>KY</identifier>
                     <code>KY</code>
                     <name>CAYMAN ISLANDS</name>
                     <description>CAYMAN ISLANDS</description>
                  </countryCode>
               </countryType>
               <countryType>
                  <countryCode>
                     <identifier>KZ</identifier>
                     <code>KZ</code>
                     <name>KAZAKHSTAN</name>
                     <description>KAZAKHSTAN</description>
                  </countryCode>
               </countryType>
               <countryType>
                  <countryCode>
                     <identifier>LA</identifier>
                     <code>LA</code>
                     <name>LAO PEOPLE'S DEMOCRATIC REPUBLIC</name>
                     <description>LAO PEOPLE'S DEMOCRATIC REPUBLIC</description>
                  </countryCode>
               </countryType>
               <countryType>
                  <countryCode>
                     <identifier>LB</identifier>
                     <code>LB</code>
                     <name>LEBANON</name>
                     <description>LEBANON</description>
                  </countryCode>
               </countryType>
               <countryType>
                  <countryCode>
                     <identifier>LC</identifier>
                     <code>LC</code>
                     <name>SAINT LUCIA</name>
                     <description>SAINT LUCIA</description>
                  </countryCode>
               </countryType>
               <countryType>
                  <countryCode>
                     <identifier>LI</identifier>
                     <code>LI</code>
                     <name>LIECHTENSTEIN</name>
                     <description>LIECHTENSTEIN</description>
                  </countryCode>
               </countryType>
               <countryType>
                  <countryCode>
                     <identifier>LK</identifier>
                     <code>LK</code>
                     <name>SRI LANKA</name>
                     <description>SRI LANKA</description>
                  </countryCode>
               </countryType>
               <countryType>
                  <countryCode>
                     <identifier>LR</identifier>
                     <code>LR</code>
                     <name>LIBERIA</name>
                     <description>LIBERIA</description>
                  </countryCode>
               </countryType>
               <countryType>
                  <countryCode>
                     <identifier>LS</identifier>
                     <code>LS</code>
                     <name>LESOTHO</name>
                     <description>LESOTHO</description>
                  </countryCode>
               </countryType>
               <countryType>
                  <countryCode>
                     <identifier>LT</identifier>
                     <code>LT</code>
                     <name>LITHUANIA</name>
                     <description>LITHUANIA</description>
                  </countryCode>
               </countryType>
               <countryType>
                  <countryCode>
                     <identifier>LU</identifier>
                     <code>LU</code>
                     <name>LUXEMBOURG</name>
                     <description>LUXEMBOURG</description>
                  </countryCode>
               </countryType>
               <countryType>
                  <countryCode>
                     <identifier>LV</identifier>
                     <code>LV</code>
                     <name>LATVIA</name>
                     <description>LATVIA</description>
                  </countryCode>
               </countryType>
               <countryType>
                  <countryCode>
                     <identifier>LY</identifier>
                     <code>LY</code>
                     <name>LIBYAN ARAB JAMAHIRIYA</name>
                     <description>LIBYAN ARAB JAMAHIRIYA</description>
                  </countryCode>
               </countryType>
               <countryType>
                  <countryCode>
                     <identifier>MA</identifier>
                     <code>MA</code>
                     <name>MOROCCO</name>
                     <description>MOROCCO</description>
                  </countryCode>
               </countryType>
               <countryType>
                  <countryCode>
                     <identifier>MC</identifier>
                     <code>MC</code>
                     <name>MONACO</name>
                     <description>MONACO</description>
                  </countryCode>
               </countryType>
               <countryType>
                  <countryCode>
                     <identifier>MD</identifier>
                     <code>MD</code>
                     <name>MOLDOVA  REPUBLIC OF</name>
                     <description>MOLDOVA  REPUBLIC OF</description>
                  </countryCode>
               </countryType>
               <countryType>
                  <countryCode>
                     <identifier>MG</identifier>
                     <code>MG</code>
                     <name>MADAGASCAR</name>
                     <description>MADAGASCAR</description>
                  </countryCode>
               </countryType>
               <countryType>
                  <countryCode>
                     <identifier>MH</identifier>
                     <code>MH</code>
                     <name>MARSHALL ISLANDS</name>
                     <description>MARSHALL ISLANDS</description>
                  </countryCode>
               </countryType>
               <countryType>
                  <countryCode>
                     <identifier>MK</identifier>
                     <code>MK</code>
                     <name>MACEDONIA  REPUBLIC OF</name>
                     <description>MACEDONIA  REPUBLIC OF</description>
                  </countryCode>
               </countryType>
               <countryType>
                  <countryCode>
                     <identifier>ML</identifier>
                     <code>ML</code>
                     <name>MALI</name>
                     <description>MALI</description>
                  </countryCode>
               </countryType>
               <countryType>
                  <countryCode>
                     <identifier>MM</identifier>
                     <code>MM</code>
                     <name>MYANMAR</name>
                     <description>MYANMAR</description>
                  </countryCode>
               </countryType>
               <countryType>
                  <countryCode>
                     <identifier>MN</identifier>
                     <code>MN</code>
                     <name>MONGOLIA</name>
                     <description>MONGOLIA</description>
                  </countryCode>
               </countryType>
               <countryType>
                  <countryCode>
                     <identifier>MO</identifier>
                     <code>MO</code>
                     <name>MACAO</name>
                     <description>MACAO</description>
                  </countryCode>
               </countryType>
               <countryType>
                  <countryCode>
                     <identifier>MON</identifier>
                     <code>MON</code>
                     <name>MONTENEGRO</name>
                     <description>MONTENEGRO</description>
                  </countryCode>
               </countryType>
               <countryType>
                  <countryCode>
                     <identifier>MP</identifier>
                     <code>MP</code>
                     <name>NORTHERN MARIANA ISLANDS</name>
                     <description>NORTHERN MARIANA ISLANDS</description>
                  </countryCode>
               </countryType>
               <countryType>
                  <countryCode>
                     <identifier>MQ</identifier>
                     <code>MQ</code>
                     <name>MARTINIQUE</name>
                     <description>MARTINIQUE</description>
                  </countryCode>
               </countryType>
               <countryType>
                  <countryCode>
                     <identifier>MR</identifier>
                     <code>MR</code>
                     <name>MAURITANIA</name>
                     <description>MAURITANIA</description>
                  </countryCode>
               </countryType>
               <countryType>
                  <countryCode>
                     <identifier>MS</identifier>
                     <code>MS</code>
                     <name>MONTSERRAT</name>
                     <description>MONTSERRAT</description>
                  </countryCode>
               </countryType>
               <countryType>
                  <countryCode>
                     <identifier>MT</identifier>
                     <code>MT</code>
                     <name>MALTA</name>
                     <description>MALTA</description>
                  </countryCode>
               </countryType>
               <countryType>
                  <countryCode>
                     <identifier>MU</identifier>
                     <code>MU</code>
                     <name>MAURITIUS</name>
                     <description>MAURITIUS</description>
                  </countryCode>
               </countryType>
               <countryType>
                  <countryCode>
                     <identifier>MV</identifier>
                     <code>MV</code>
                     <name>MALDIVES</name>
                     <description>MALDIVES</description>
                  </countryCode>
               </countryType>
               <countryType>
                  <countryCode>
                     <identifier>MW</identifier>
                     <code>MW</code>
                     <name>MALAWI</name>
                     <description>MALAWI</description>
                  </countryCode>
               </countryType>
               <countryType>
                  <countryCode>
                     <identifier>MX</identifier>
                     <code>MX</code>
                     <name>MEXICO</name>
                     <description>MEXICO</description>
                  </countryCode>
               </countryType>
               <countryType>
                  <countryCode>
                     <identifier>MY</identifier>
                     <code>MY</code>
                     <name>MALAYSIA</name>
                     <description>MALAYSIA</description>
                  </countryCode>
               </countryType>
               <countryType>
                  <countryCode>
                     <identifier>MZ</identifier>
                     <code>MZ</code>
                     <name>MOZAMBIQUE</name>
                     <description>MOZAMBIQUE</description>
                  </countryCode>
               </countryType>
               <countryType>
                  <countryCode>
                     <identifier>NA</identifier>
                     <code>NA</code>
                     <name>NAMIBIA</name>
                     <description>NAMIBIA</description>
                  </countryCode>
               </countryType>
               <countryType>
                  <countryCode>
                     <identifier>NC</identifier>
                     <code>NC</code>
                     <name>NEW CALEDONIA</name>
                     <description>NEW CALEDONIA</description>
                  </countryCode>
               </countryType>
               <countryType>
                  <countryCode>
                     <identifier>NE</identifier>
                     <code>NE</code>
                     <name>NIGER</name>
                     <description>NIGER</description>
                  </countryCode>
               </countryType>
               <countryType>
                  <countryCode>
                     <identifier>NF</identifier>
                     <code>NF</code>
                     <name>NORFOLK ISLAND</name>
                     <description>NORFOLK ISLAND</description>
                  </countryCode>
               </countryType>
               <countryType>
                  <countryCode>
                     <identifier>NG</identifier>
                     <code>NG</code>
                     <name>NIGERIA</name>
                     <description>NIGERIA</description>
                  </countryCode>
               </countryType>
               <countryType>
                  <countryCode>
                     <identifier>NI</identifier>
                     <code>NI</code>
                     <name>NICARAGUA</name>
                     <description>NICARAGUA</description>
                  </countryCode>
               </countryType>
               <countryType>
                  <countryCode>
                     <identifier>NL</identifier>
                     <code>NL</code>
                     <name>NETHERLANDS</name>
                     <description>NETHERLANDS</description>
                  </countryCode>
               </countryType>
               <countryType>
                  <countryCode>
                     <identifier>NO</identifier>
                     <code>NO</code>
                     <name>NORWAY</name>
                     <description>NORWAY</description>
                  </countryCode>
               </countryType>
               <countryType>
                  <countryCode>
                     <identifier>NP</identifier>
                     <code>NP</code>
                     <name>NEPAL</name>
                     <description>NEPAL</description>
                  </countryCode>
               </countryType>
               <countryType>
                  <countryCode>
                     <identifier>NR</identifier>
                     <code>NR</code>
                     <name>NAURU</name>
                     <description>NAURU</description>
                  </countryCode>
               </countryType>
               <countryType>
                  <countryCode>
                     <identifier>NT</identifier>
                     <code>NT</code>
                     <name>NEW ZEALAND ISLAND TERRITORIES</name>
                     <description>NEW ZEALAND ISLAND TERRITORIES</description>
                  </countryCode>
               </countryType>
               <countryType>
                  <countryCode>
                     <identifier>NZ</identifier>
                     <code>NZ</code>
                     <name>NEW ZEALAND</name>
                     <description>NEW ZEALAND</description>
                  </countryCode>
               </countryType>
               <countryType>
                  <countryCode>
                     <identifier>OM</identifier>
                     <code>OM</code>
                     <name>OMAN</name>
                     <description>OMAN</description>
                  </countryCode>
               </countryType>
               <countryType>
                  <countryCode>
                     <identifier>PA</identifier>
                     <code>PA</code>
                     <name>PANAMA</name>
                     <description>PANAMA</description>
                  </countryCode>
               </countryType>
               <countryType>
                  <countryCode>
                     <identifier>PE</identifier>
                     <code>PE</code>
                     <name>PERU</name>
                     <description>PERU</description>
                  </countryCode>
               </countryType>
               <countryType>
                  <countryCode>
                     <identifier>PF</identifier>
                     <code>PF</code>
                     <name>FRENCH POLYNESIA</name>
                     <description>FRENCH POLYNESIA</description>
                  </countryCode>
               </countryType>
               <countryType>
                  <countryCode>
                     <identifier>PG</identifier>
                     <code>PG</code>
                     <name>PAPUA NEW GUINEA</name>
                     <description>PAPUA NEW GUINEA</description>
                  </countryCode>
               </countryType>
               <countryType>
                  <countryCode>
                     <identifier>PH</identifier>
                     <code>PH</code>
                     <name>PHILIPPINES</name>
                     <description>PHILIPPINES</description>
                  </countryCode>
               </countryType>
               <countryType>
                  <countryCode>
                     <identifier>PK</identifier>
                     <code>PK</code>
                     <name>PAKISTAN</name>
                     <description>PAKISTAN</description>
                  </countryCode>
               </countryType>
               <countryType>
                  <countryCode>
                     <identifier>PL</identifier>
                     <code>PL</code>
                     <name>POLAND</name>
                     <description>POLAND</description>
                  </countryCode>
               </countryType>
               <countryType>
                  <countryCode>
                     <identifier>PM</identifier>
                     <code>PM</code>
                     <name>SAINT PIERRE AND MIQUELON</name>
                     <description>SAINT PIERRE AND MIQUELON</description>
                  </countryCode>
               </countryType>
               <countryType>
                  <countryCode>
                     <identifier>PN</identifier>
                     <code>PN</code>
                     <name>PITCAIRN ISLAND</name>
                     <description>PITCAIRN ISLAND</description>
                  </countryCode>
               </countryType>
               <countryType>
                  <countryCode>
                     <identifier>PR</identifier>
                     <code>PR</code>
                     <name>PUERTO RICO</name>
                     <description>PUERTO RICO</description>
                  </countryCode>
               </countryType>
               <countryType>
                  <countryCode>
                     <identifier>PT</identifier>
                     <code>PT</code>
                     <name>PORTUGAL</name>
                     <description>PORTUGAL</description>
                  </countryCode>
               </countryType>
               <countryType>
                  <countryCode>
                     <identifier>PT1</identifier>
                     <code>PT1</code>
                     <name>AZORES</name>
                     <description>AZORES</description>
                  </countryCode>
               </countryType>
               <countryType>
                  <countryCode>
                     <identifier>PT2</identifier>
                     <code>PT2</code>
                     <name>MADEIRA ISLANDS</name>
                     <description>MADEIRA ISLANDS</description>
                  </countryCode>
               </countryType>
               <countryType>
                  <countryCode>
                     <identifier>PY</identifier>
                     <code>PY</code>
                     <name>PARAGUAY</name>
                     <description>PARAGUAY</description>
                  </countryCode>
               </countryType>
               <countryType>
                  <countryCode>
                     <identifier>QA</identifier>
                     <code>QA</code>
                     <name>QATAR</name>
                     <description>QATAR</description>
                  </countryCode>
               </countryType>
               <countryType>
                  <countryCode>
                     <identifier>RE</identifier>
                     <code>RE</code>
                     <name>REUNION</name>
                     <description>REUNION</description>
                  </countryCode>
               </countryType>
               <countryType>
                  <countryCode>
                     <identifier>RO</identifier>
                     <code>RO</code>
                     <name>ROMANIA</name>
                     <description>ROMANIA</description>
                  </countryCode>
               </countryType>
               <countryType>
                  <countryCode>
                     <identifier>RU</identifier>
                     <code>RU</code>
                     <name>RUSSIAN FEDERATION</name>
                     <description>RUSSIAN FEDERATION</description>
                  </countryCode>
               </countryType>
               <countryType>
                  <countryCode>
                     <identifier>RW</identifier>
                     <code>RW</code>
                     <name>RWANDA</name>
                     <description>RWANDA</description>
                  </countryCode>
               </countryType>
               <countryType>
                  <countryCode>
                     <identifier>SA</identifier>
                     <code>SA</code>
                     <name>SAUDI ARABIA</name>
                     <description>SAUDI ARABIA</description>
                  </countryCode>
               </countryType>
               <countryType>
                  <countryCode>
                     <identifier>SB</identifier>
                     <code>SB</code>
                     <name>SOLOMON ISLANDS</name>
                     <description>SOLOMON ISLANDS</description>
                  </countryCode>
               </countryType>
               <countryType>
                  <countryCode>
                     <identifier>SC</identifier>
                     <code>SC</code>
                     <name>SEYCHELLES</name>
                     <description>SEYCHELLES</description>
                  </countryCode>
               </countryType>
               <countryType>
                  <countryCode>
                     <identifier>SD</identifier>
                     <code>SD</code>
                     <name>SUDAN</name>
                     <description>SUDAN</description>
                  </countryCode>
               </countryType>
               <countryType>
                  <countryCode>
                     <identifier>SE</identifier>
                     <code>SE</code>
                     <name>SWEDEN</name>
                     <description>SWEDEN</description>
                  </countryCode>
               </countryType>
               <countryType>
                  <countryCode>
                     <identifier>SER</identifier>
                     <code>SER</code>
                     <name>SERBIA</name>
                     <description>SERBIA</description>
                  </countryCode>
               </countryType>
               <countryType>
                  <countryCode>
                     <identifier>SF</identifier>
                     <code>SF</code>
                     <name>SPANISH TERRITORIES</name>
                     <description>SPANISH TERRITORIES</description>
                  </countryCode>
               </countryType>
               <countryType>
                  <countryCode>
                     <identifier>SG</identifier>
                     <code>SG</code>
                     <name>SINGAPORE</name>
                     <description>SINGAPORE</description>
                  </countryCode>
               </countryType>
               <countryType>
                  <countryCode>
                     <identifier>SH</identifier>
                     <code>SH</code>
                     <name>SAINT HELENA</name>
                     <description>SAINT HELENA</description>
                  </countryCode>
               </countryType>
               <countryType>
                  <countryCode>
                     <identifier>SH1</identifier>
                     <code>SH1</code>
                     <name>ASCENSION</name>
                     <description>ASCENSION</description>
                  </countryCode>
               </countryType>
               <countryType>
                  <countryCode>
                     <identifier>SH2</identifier>
                     <code>SH2</code>
                     <name>TRISTAN DA CUNHA</name>
                     <description>TRISTAN DA CUNHA</description>
                  </countryCode>
               </countryType>
               <countryType>
                  <countryCode>
                     <identifier>SI</identifier>
                     <code>SI</code>
                     <name>SLOVENIA</name>
                     <description>SLOVENIA</description>
                  </countryCode>
               </countryType>
               <countryType>
                  <countryCode>
                     <identifier>SK</identifier>
                     <code>SK</code>
                     <name>SLOVAKIA</name>
                     <description>SLOVAKIA</description>
                  </countryCode>
               </countryType>
               <countryType>
                  <countryCode>
                     <identifier>SL</identifier>
                     <code>SL</code>
                     <name>SIERRA LEONE</name>
                     <description>SIERRA LEONE</description>
                  </countryCode>
               </countryType>
               <countryType>
                  <countryCode>
                     <identifier>SM</identifier>
                     <code>SM</code>
                     <name>SAN MARINO</name>
                     <description>SAN MARINO</description>
                  </countryCode>
               </countryType>
               <countryType>
                  <countryCode>
                     <identifier>SN</identifier>
                     <code>SN</code>
                     <name>SENEGAL</name>
                     <description>SENEGAL</description>
                  </countryCode>
               </countryType>
               <countryType>
                  <countryCode>
                     <identifier>SO</identifier>
                     <code>SO</code>
                     <name>SOMALIA</name>
                     <description>SOMALIA</description>
                  </countryCode>
               </countryType>
               <countryType>
                  <countryCode>
                     <identifier>SP</identifier>
                     <code>SP</code>
                     <name>SPITZBERGEN</name>
                     <description>SPITZBERGEN</description>
                  </countryCode>
               </countryType>
               <countryType>
                  <countryCode>
                     <identifier>SQ</identifier>
                     <code>SQ</code>
                     <name>SARDINIA</name>
                     <description>SARDINIA</description>
                  </countryCode>
               </countryType>
               <countryType>
                  <countryCode>
                     <identifier>SR</identifier>
                     <code>SR</code>
                     <name>SURINAME</name>
                     <description>SURINAME</description>
                  </countryCode>
               </countryType>
               <countryType>
                  <countryCode>
                     <identifier>SS</identifier>
                     <code>SS</code>
                     <name>SANDWICH</name>
                     <description>SANDWICH</description>
                  </countryCode>
               </countryType>
               <countryType>
                  <countryCode>
                     <identifier>ST</identifier>
                     <code>ST</code>
                     <name>SAO TOME AND PRINCIPE</name>
                     <description>SAO TOME AND PRINCIPE</description>
                  </countryCode>
               </countryType>
               <countryType>
                  <countryCode>
                     <identifier>SU</identifier>
                     <code>SU</code>
                     <name>SICILY</name>
                     <description>SICILY</description>
                  </countryCode>
               </countryType>
               <countryType>
                  <countryCode>
                     <identifier>SV</identifier>
                     <code>SV</code>
                     <name>EL SALVADOR</name>
                     <description>EL SALVADOR</description>
                  </countryCode>
               </countryType>
               <countryType>
                  <countryCode>
                     <identifier>SW</identifier>
                     <code>SW</code>
                     <name>SARAWAK</name>
                     <description>SARAWAK</description>
                  </countryCode>
               </countryType>
               <countryType>
                  <countryCode>
                     <identifier>SX</identifier>
                     <code>SX</code>
                     <name>SINT MAARTEN</name>
                     <description>SINT MAARTEN</description>
                  </countryCode>
               </countryType>
               <countryType>
                  <countryCode>
                     <identifier>SY</identifier>
                     <code>SY</code>
                     <name>SYRIAN ARAB REPUBLIC</name>
                     <description>SYRIAN ARAB REPUBLIC</description>
                  </countryCode>
               </countryType>
               <countryType>
                  <countryCode>
                     <identifier>SZ</identifier>
                     <code>SZ</code>
                     <name>SWAZILAND</name>
                     <description>SWAZILAND</description>
                  </countryCode>
               </countryType>
               <countryType>
                  <countryCode>
                     <identifier>TB</identifier>
                     <code>TB</code>
                     <name>TIBET</name>
                     <description>TIBET</description>
                  </countryCode>
               </countryType>
               <countryType>
                  <countryCode>
                     <identifier>TC</identifier>
                     <code>TC</code>
                     <name>TURKS AND CAICOS ISLANDS</name>
                     <description>TURKS AND CAICOS ISLANDS</description>
                  </countryCode>
               </countryType>
               <countryType>
                  <countryCode>
                     <identifier>TD</identifier>
                     <code>TD</code>
                     <name>CHAD</name>
                     <description>CHAD</description>
                  </countryCode>
               </countryType>
               <countryType>
                  <countryCode>
                     <identifier>TF</identifier>
                     <code>TF</code>
                     <name>FRENCH SOUTHERN TERRITORIES</name>
                     <description>FRENCH SOUTHERN TERRITORIES</description>
                  </countryCode>
               </countryType>
               <countryType>
                  <countryCode>
                     <identifier>TG</identifier>
                     <code>TG</code>
                     <name>TOGO</name>
                     <description>TOGO</description>
                  </countryCode>
               </countryType>
               <countryType>
                  <countryCode>
                     <identifier>TH</identifier>
                     <code>TH</code>
                     <name>THAILAND</name>
                     <description>THAILAND</description>
                  </countryCode>
               </countryType>
               <countryType>
                  <countryCode>
                     <identifier>TJ</identifier>
                     <code>TJ</code>
                     <name>TAJIKISTAN</name>
                     <description>TAJIKISTAN</description>
                  </countryCode>
               </countryType>
               <countryType>
                  <countryCode>
                     <identifier>TM</identifier>
                     <code>TM</code>
                     <name>TURKMENISTAN</name>
                     <description>TURKMENISTAN</description>
                  </countryCode>
               </countryType>
               <countryType>
                  <countryCode>
                     <identifier>TN</identifier>
                     <code>TN</code>
                     <name>TUNISIA</name>
                     <description>TUNISIA</description>
                  </countryCode>
               </countryType>
               <countryType>
                  <countryCode>
                     <identifier>TO</identifier>
                     <code>TO</code>
                     <name>TONGA</name>
                     <description>TONGA</description>
                  </countryCode>
               </countryType>
               <countryType>
                  <countryCode>
                     <identifier>TP</identifier>
                     <code>TP</code>
                     <name>EAST TIMOR</name>
                     <description>EAST TIMOR</description>
                  </countryCode>
               </countryType>
               <countryType>
                  <countryCode>
                     <identifier>TR</identifier>
                     <code>TR</code>
                     <name>TURKEY</name>
                     <description>TURKEY</description>
                  </countryCode>
               </countryType>
               <countryType>
                  <countryCode>
                     <identifier>TT</identifier>
                     <code>TT</code>
                     <name>TRINIDAD AND TOBAGO</name>
                     <description>TRINIDAD AND TOBAGO</description>
                  </countryCode>
               </countryType>
               <countryType>
                  <countryCode>
                     <identifier>TV</identifier>
                     <code>TV</code>
                     <name>TUVALU</name>
                     <description>TUVALU</description>
                  </countryCode>
               </countryType>
               <countryType>
                  <countryCode>
                     <identifier>TW</identifier>
                     <code>TW</code>
                     <name>TAIWAN</name>
                     <description>TAIWAN</description>
                  </countryCode>
               </countryType>
               <countryType>
                  <countryCode>
                     <identifier>TZ</identifier>
                     <code>TZ</code>
                     <name>TANZANIA  UNITED REPUBLIC OF</name>
                     <description>TANZANIA  UNITED REPUBLIC OF</description>
                  </countryCode>
               </countryType>
               <countryType>
                  <countryCode>
                     <identifier>UA</identifier>
                     <code>UA</code>
                     <name>UKRAINE</name>
                     <description>UKRAINE</description>
                  </countryCode>
               </countryType>
               <countryType>
                  <countryCode>
                     <identifier>UG</identifier>
                     <code>UG</code>
                     <name>UGANDA</name>
                     <description>UGANDA</description>
                  </countryCode>
               </countryType>
               <countryType>
                  <countryCode>
                     <identifier>US</identifier>
                     <code>US</code>
                     <name>UNITED STATES</name>
                     <description>UNITED STATES</description>
                  </countryCode>
               </countryType>
               <countryType>
                  <countryCode>
                     <identifier>UY</identifier>
                     <code>UY</code>
                     <name>URUGUAY</name>
                     <description>URUGUAY</description>
                  </countryCode>
               </countryType>
               <countryType>
                  <countryCode>
                     <identifier>UZ</identifier>
                     <code>UZ</code>
                     <name>UZBEKISTAN</name>
                     <description>UZBEKISTAN</description>
                  </countryCode>
               </countryType>
               <countryType>
                  <countryCode>
                     <identifier>VA</identifier>
                     <code>VA</code>
                     <name>VATICAN CITY</name>
                     <description>VATICAN CITY</description>
                  </countryCode>
               </countryType>
               <countryType>
                  <countryCode>
                     <identifier>VC</identifier>
                     <code>VC</code>
                     <name>SAINT VINCENT AND THE GRENADINES</name>
                     <description>SAINT VINCENT AND THE GRENADINES</description>
                  </countryCode>
               </countryType>
               <countryType>
                  <countryCode>
                     <identifier>VE</identifier>
                     <code>VE</code>
                     <name>VENEZUELA</name>
                     <description>VENEZUELA</description>
                  </countryCode>
               </countryType>
               <countryType>
                  <countryCode>
                     <identifier>VG</identifier>
                     <code>VG</code>
                     <name>BRITISH VIRGIN ISLANDS</name>
                     <description>BRITISH VIRGIN ISLANDS</description>
                  </countryCode>
               </countryType>
               <countryType>
                  <countryCode>
                     <identifier>VI</identifier>
                     <code>VI</code>
                     <name>VIRGIN ISLANDS (U.S.)</name>
                     <description>VIRGIN ISLANDS (U.S.)</description>
                  </countryCode>
               </countryType>
               <countryType>
                  <countryCode>
                     <identifier>VN</identifier>
                     <code>VN</code>
                     <name>VIET NAM</name>
                     <description>VIET NAM</description>
                  </countryCode>
               </countryType>
               <countryType>
                  <countryCode>
                     <identifier>VU</identifier>
                     <code>VU</code>
                     <name>VANUATU</name>
                     <description>VANUATU</description>
                  </countryCode>
               </countryType>
               <countryType>
                  <countryCode>
                     <identifier>WA</identifier>
                     <code>WA</code>
                     <name>WAKE ISLAND</name>
                     <description>WAKE ISLAND</description>
                  </countryCode>
               </countryType>
               <countryType>
                  <countryCode>
                     <identifier>WF</identifier>
                     <code>WF</code>
                     <name>WALLIS AND FUTUNA ISLANDS</name>
                     <description>WALLIS AND FUTUNA ISLANDS</description>
                  </countryCode>
               </countryType>
               <countryType>
                  <countryCode>
                     <identifier>WS</identifier>
                     <code>WS</code>
                     <name>WESTERN SAMOA</name>
                     <description>WESTERN SAMOA</description>
                  </countryCode>
               </countryType>
               <countryType>
                  <countryCode>
                     <identifier>YE</identifier>
                     <code>YE</code>
                     <name>YEMEN</name>
                     <description>YEMEN</description>
                  </countryCode>
               </countryType>
               <countryType>
                  <countryCode>
                     <identifier>ZA</identifier>
                     <code>ZA</code>
                     <name>SOUTH AFRICA</name>
                     <description>SOUTH AFRICA</description>
                  </countryCode>
               </countryType>
               <countryType>
                  <countryCode>
                     <identifier>ZM</identifier>
                     <code>ZM</code>
                     <name>ZAMBIA</name>
                     <description>ZAMBIA</description>
                  </countryCode>
               </countryType>
               <countryType>
                  <countryCode>
                     <identifier>ZW</identifier>
                     <code>ZW</code>
                     <name>ZIMBABWE</name>
                     <description>ZIMBABWE</description>
                  </countryCode>
               </countryType>
            </countryList>
            <genericResponseStructure>
               <serviceTransactionTime>2015-12-01T09:30:49.418597</serviceTransactionTime>
            </genericResponseStructure>
         </getCountriesReturn>
         <integrationFooter/>
      </NS1:getCountriesResponse>
   </soapenv:Body>
</soapenv:Envelope>