<soapenv:Envelope xmlns:soapenv="http://schemas.xmlsoap.org/soap/envelope/">
   <soapenv:Body>
      <NS1:getPostageServiceDetailsResponse xmlns:NS1="http://www.royalmailgroup.com/api/onlinePostage/V1">
         <integrationHeader>
            <NS2:identification xmlns:NS2="http://www.royalmailgroup.com/integration/core/V1">
               <NS2:applicationId>q6g420yL07</NS2:applicationId>
               <NS2:transactionId>1812224730</NS2:transactionId>
            </NS2:identification>
         </integrationHeader>
         <getPostageServiceDetailsReturn>
            <postageServices>
               <postageServiceStructure>
                  <postageIdentifier>Royal Mail 1st Class stamps</postageIdentifier>
                  <postageName>Royal Mail 1st Class stamps</postageName>
                  <postageCarrier>RMG</postageCarrier>
                  <postageSize>
                     <postageSizeCode>
                        <name>Letter</name>
                     </postageSizeCode>
                  </postageSize>
                  <postagePrice>
                     <totalPrice>
                        <creditIndicator>true</creditIndicator>
                        <currency>
                           <currencyCode>
                              <identifier>GBP</identifier>
                              <code>GBP</code>
                              <name>United Kingdom Pound</name>
                              <description>United Kingdom Pound</description>
                           </currencyCode>
                        </currency>
                        <value>0.63</value>
                     </totalPrice>
                     <basePrice>
                        <creditIndicator>true</creditIndicator>
                        <currency>
                           <currencyCode>
                              <identifier>GBP</identifier>
                              <code>GBP</code>
                              <name>United Kingdom Pound</name>
                              <description>United Kingdom Pound</description>
                           </currencyCode>
                        </currency>
                        <value>0.63</value>
                     </basePrice>
                     <discounts/>
                     <taxes>
                        <taxStructure>
                           <name>No VAT</name>
                           <type>
                              <taxCode/>
                           </type>
                           <value>
                              <creditIndicator>true</creditIndicator>
                              <currency>
                                 <currencyCode>
                                    <identifier>GBP</identifier>
                                    <code>GBP</code>
                                    <name>United Kingdom Pound</name>
                                    <description>United Kingdom Pound</description>
                                 </currencyCode>
                              </currency>
                              <value>0.0</value>
                           </value>
                        </taxStructure>
                     </taxes>
                     <options>
                        <serviceOptionsPriceDetail>
                           <name>Additional Compensation</name>
                           <price>
                              <creditIndicator>0</creditIndicator>
                              <currency>
                                 <currencyCode>
                                    <identifier>GBP</identifier>
                                    <code>GBP</code>
                                    <name>GBP</name>
                                 </currencyCode>
                              </currency>
                              <value>0.0</value>
                           </price>
                           <inputValue>20</inputValue>
                        </serviceOptionsPriceDetail>
                     </options>
                  </postagePrice>
                  <forms>
                     <form>
                        <type>certificate of post</type>
                        <description>certificate of postage documents</description>
                        <required>false</required>
                        <rangeFrom>0.0</rangeFrom>
                        <rangeTo>0.0</rangeTo>
                     </form>
                  </forms>
                  <termsAndConditions/>
                  <serviceDimensionRules>
                     <maxLength>
                        <unitOfMeasure>
                           <unitOfMeasureCode/>
                        </unitOfMeasure>
                        <value>0</value>
                     </maxLength>
                     <maxWidth>
                        <unitOfMeasure>
                           <unitOfMeasureCode/>
                        </unitOfMeasure>
                        <value>0</value>
                     </maxWidth>
                     <maxHeight>
                        <unitOfMeasure>
                           <unitOfMeasureCode/>
                        </unitOfMeasure>
                        <value>0</value>
                     </maxHeight>
                     <maxGirth>
                        <unitOfMeasure>
                           <unitOfMeasureCode/>
                        </unitOfMeasure>
                        <value>0</value>
                     </maxGirth>
                  </serviceDimensionRules>
                  <serviceWeightRules>
                     <maxWeight>
                        <unitOfMeasure>
                           <unitOfMeasureCode>
                              <identifier>KGS</identifier>
                              <code>KGS</code>
                              <name>KGS</name>
                           </unitOfMeasureCode>
                        </unitOfMeasure>
                        <value>20</value>
                     </maxWeight>
                  </serviceWeightRules>
                  <parcelWeight>
                     <weight>
                        <unitOfMeasure>
                           <unitOfMeasureCode>
                              <identifier>KGS</identifier>
                              <code>KGS</code>
                              <name>KGS</name>
                           </unitOfMeasureCode>
                        </unitOfMeasure>
                        <value>0.1</value>
                     </weight>
                  </parcelWeight>
                  <parcelDimension>
                     <height>
                        <unitOfMeasure>
                           <unitOfMeasureCode>
                              <code>CM</code>
                           </unitOfMeasureCode>
                        </unitOfMeasure>
                        <value>0.1</value>
                     </height>
                     <width>
                        <unitOfMeasure>
                           <unitOfMeasureCode>
                              <code>CM</code>
                           </unitOfMeasureCode>
                        </unitOfMeasure>
                        <value>1.0</value>
                     </width>
                     <length>
                        <unitOfMeasure>
                           <unitOfMeasureCode>
                              <code>CM</code>
                           </unitOfMeasureCode>
                        </unitOfMeasure>
                        <value>1.0</value>
                     </length>
                  </parcelDimension>
                  <parcelPostcode/>
                  <senderContactDetails>
                     <fullName>Random Name</fullName>
                     <baseAddress>
                        <domesticIndicator>false</domesticIndicator>
                        <addressLine1>Clements Road</addressLine1>
                        <addressLine2/>
                        <addressLine3/>
                        <stateOrProvince>
                           <stateOrProvinceCode>
                              <identifier/>
                              <code/>
                              <name/>
                           </stateOrProvinceCode>
                        </stateOrProvince>
                        <postTown>London</postTown>
                        <postcode/>
                        <country>
                           <countryCode>
                              <identifier/>
                              <code/>
                              <name/>
                           </countryCode>
                        </country>
                     </baseAddress>
                  </senderContactDetails>
                  <recipientContactDetails>
                     <fullName>Destination Name</fullName>
                     <baseAddress>
                        <domesticIndicator>false</domesticIndicator>
                        <addressLine1>Camel Road</addressLine1>
                        <addressLine2/>
                        <addressLine3/>
                        <stateOrProvince>
                           <stateOrProvinceCode>
                              <identifier/>
                              <code/>
                              <name/>
                           </stateOrProvinceCode>
                        </stateOrProvince>
                        <postTown>London 2</postTown>
                        <postcode>EC1A 1AA</postcode>
                        <country>
                           <countryCode>
                              <identifier>GB</identifier>
                              <code>GB</code>
                              <name>GB</name>
                              <description>United Kingdom</description>
                           </countryCode>
                        </country>
                     </baseAddress>
                  </recipientContactDetails>
                  <postageServiceOptions>
                     <postageServiceOption>
                        <name>Additional Compensation</name>
                        <inputValue>20</inputValue>
                        <description/>
                     </postageServiceOption>
                  </postageServiceOptions>
                  <postageAddOnProducts/>
                  <trackingIndicator/>
                  <watermarkIndicator/>
                  <ppiIndicator/>
                  <fimBarIndicator/>
               </postageServiceStructure>
            </postageServices>
            <genericResponseStructure>
               <serviceTransactionTime>2015-12-01T10:01:10.250114</serviceTransactionTime>
            </genericResponseStructure>
         </getPostageServiceDetailsReturn>
         <integrationFooter/>
      </NS1:getPostageServiceDetailsResponse>
   </soapenv:Body>
</soapenv:Envelope>