<soapenv:Envelope xmlns:soapenv="http://schemas.xmlsoap.org/soap/envelope/">
   <soapenv:Body>
      <NS1:getServicesByCountryResponse xmlns:NS1="http://www.royalmailgroup.com/api/onlinePostage/V1">
         <integrationHeader>
            <NS2:dateTime xmlns:NS2="http://www.royalmailgroup.com/integration/core/V1">2015-12-01T09:59:43</NS2:dateTime>
            <NS3:identification xmlns:NS3="http://www.royalmailgroup.com/integration/core/V1">
               <NS3:applicationId>123456789</NS3:applicationId>
               <NS3:transactionId>1767726244</NS3:transactionId>
            </NS3:identification>
         </integrationHeader>
         <getServicesByCountryReturn>
            <postageServices>
               <isoCountryCode>
                  <countryCode>
                     <identifier>GB</identifier>
                     <code>GB</code>
                     <name>UNITED KINGDOM</name>
                  </countryCode>
               </isoCountryCode>
               <notifications/>
               <services>
                  <postageServiceStructure>
                     <postageIdentifier>Royal Mail Special Delivery Guaranteed by 1pm</postageIdentifier>
                     <postageName>Royal Mail Special Delivery Guaranteed by 1pm</postageName>
                     <postageCarrier>RMG</postageCarrier>
                     <postageSize>
                        <postageSizeCode/>
                     </postageSize>
                     <postagePrice/>
                     <forms>
                        <form>
                           <type>additional compensation doc</type>
                           <description>This document is required for any additional compensation</description>
                           <required>true</required>
                           <rangeFrom>0.0</rangeFrom>
                           <rangeTo>0.0</rangeTo>
                        </form>
                     </forms>
                     <termsAndConditions>
                        <termAndCondition>
                           <title>Restrictions</title>
                           <text>
                              <text>General restrictions apply.</text>
                           </text>
                        </termAndCondition>
                        <termAndCondition>
                           <title>Prohibitions</title>
                           <text>
                              <text>General prohibitions apply. Additional Prohibitions: Isle of Man only - hay, straw, peatmoss, litter (unless used as packaging) and many fresh meat and fresh meat products except under the authority of a license issued by the Manx authorities.</text>
                           </text>
                        </termAndCondition>
                     </termsAndConditions>
                     <serviceDimensionRules/>
                     <serviceWeightRules>
                        <maxWeight>
                           <unitOfMeasure>
                              <unitOfMeasureCode>
                                 <identifier>KGS</identifier>
                                 <code>KGS</code>
                                 <name>KGS</name>
                                 <description/>
                              </unitOfMeasureCode>
                           </unitOfMeasure>
                           <value>20</value>
                        </maxWeight>
                     </serviceWeightRules>
                     <parcelWeight/>
                     <parcelDimension/>
                     <parcelPostcode/>
                     <senderContactDetails/>
                     <recipientContactDetails/>
                     <postageServiceOptions>
                        <postageServiceOption>
                           <name>Additional Compensation</name>
                           <inputValue>2500.0</inputValue>
                           <description/>
                        </postageServiceOption>
                     </postageServiceOptions>
                     <postageAddOnProducts/>
                     <trackingIndicator/>
                     <watermarkIndicator/>
                     <ppiIndicator/>
                     <fimBarIndicator/>
                  </postageServiceStructure>
                  <postageServiceStructure>
                     <postageIdentifier>Royal Mail Signed For 2nd Class stamps</postageIdentifier>
                     <postageName>Royal Mail Signed For 2nd Class stamps</postageName>
                     <postageCarrier>RMG</postageCarrier>
                     <postageSize>
                        <postageSizeCode/>
                     </postageSize>
                     <postagePrice/>
                     <forms/>
                     <termsAndConditions>
                        <termAndCondition>
                           <title>Restrictions</title>
                           <text>
                              <text>General restrictions apply.</text>
                           </text>
                        </termAndCondition>
                        <termAndCondition>
                           <title>Prohibitions</title>
                           <text>
                              <text>General prohibitions apply. Additional Prohibitions: Isle of Man only - hay, straw, peatmoss, litter (unless used as packaging) and many fresh meat and fresh meat products except under the authority of a license issued by the Manx authorities.</text>
                           </text>
                        </termAndCondition>
                     </termsAndConditions>
                     <serviceDimensionRules/>
                     <serviceWeightRules>
                        <maxWeight>
                           <unitOfMeasure>
                              <unitOfMeasureCode>
                                 <identifier>KGS</identifier>
                                 <code>KGS</code>
                                 <name>KGS</name>
                                 <description/>
                              </unitOfMeasureCode>
                           </unitOfMeasure>
                           <value>20</value>
                        </maxWeight>
                     </serviceWeightRules>
                     <parcelWeight/>
                     <parcelDimension/>
                     <parcelPostcode/>
                     <senderContactDetails/>
                     <recipientContactDetails/>
                     <postageServiceOptions/>
                     <postageAddOnProducts/>
                     <trackingIndicator/>
                     <watermarkIndicator/>
                     <ppiIndicator/>
                     <fimBarIndicator/>
                  </postageServiceStructure>
                  <postageServiceStructure>
                     <postageIdentifier>Royal Mail Signed For 1st Class stamps</postageIdentifier>
                     <postageName>Royal Mail Signed For 1st Class stamps</postageName>
                     <postageCarrier>RMG</postageCarrier>
                     <postageSize>
                        <postageSizeCode/>
                     </postageSize>
                     <postagePrice/>
                     <forms/>
                     <termsAndConditions>
                        <termAndCondition>
                           <title>Restrictions</title>
                           <text>
                              <text>General restrictions apply.</text>
                           </text>
                        </termAndCondition>
                        <termAndCondition>
                           <title>Prohibitions</title>
                           <text>
                              <text>General prohibitions apply. Additional Prohibitions: Isle of Man only - hay, straw, peatmoss, litter (unless used as packaging) and many fresh meat and fresh meat products except under the authority of a license issued by the Manx authorities.</text>
                           </text>
                        </termAndCondition>
                     </termsAndConditions>
                     <serviceDimensionRules/>
                     <serviceWeightRules>
                        <maxWeight>
                           <unitOfMeasure>
                              <unitOfMeasureCode>
                                 <identifier>KGS</identifier>
                                 <code>KGS</code>
                                 <name>KGS</name>
                                 <description/>
                              </unitOfMeasureCode>
                           </unitOfMeasure>
                           <value>20</value>
                        </maxWeight>
                     </serviceWeightRules>
                     <parcelWeight/>
                     <parcelDimension/>
                     <parcelPostcode/>
                     <senderContactDetails/>
                     <recipientContactDetails/>
                     <postageServiceOptions/>
                     <postageAddOnProducts/>
                     <trackingIndicator/>
                     <watermarkIndicator/>
                     <ppiIndicator/>
                     <fimBarIndicator/>
                  </postageServiceStructure>
                  <postageServiceStructure>
                     <postageIdentifier>Royal Mail 2nd Class stamps</postageIdentifier>
                     <postageName>Royal Mail 2nd Class stamps</postageName>
                     <postageCarrier>RMG</postageCarrier>
                     <postageSize>
                        <postageSizeCode/>
                     </postageSize>
                     <postagePrice/>
                     <forms>
                        <form>
                           <type>certificate of post</type>
                           <description>certificate of postage documents</description>
                           <required>false</required>
                           <rangeFrom>0.0</rangeFrom>
                           <rangeTo>0.0</rangeTo>
                        </form>
                     </forms>
                     <termsAndConditions>
                        <termAndCondition>
                           <title>Restrictions</title>
                           <text>
                              <text>General restrictions apply.</text>
                           </text>
                        </termAndCondition>
                        <termAndCondition>
                           <title>Prohibitions</title>
                           <text>
                              <text>General prohibitions apply. Additional Prohibitions: Isle of Man only - hay, straw, peatmoss, litter (unless used as packaging) and many fresh meat and fresh meat products except under the authority of a license issued by the Manx authorities.</text>
                           </text>
                        </termAndCondition>
                     </termsAndConditions>
                     <serviceDimensionRules/>
                     <serviceWeightRules>
                        <maxWeight>
                           <unitOfMeasure>
                              <unitOfMeasureCode>
                                 <identifier>KGS</identifier>
                                 <code>KGS</code>
                                 <name>KGS</name>
                                 <description/>
                              </unitOfMeasureCode>
                           </unitOfMeasure>
                           <value>20</value>
                        </maxWeight>
                     </serviceWeightRules>
                     <parcelWeight/>
                     <parcelDimension/>
                     <parcelPostcode/>
                     <senderContactDetails/>
                     <recipientContactDetails/>
                     <postageServiceOptions/>
                     <postageAddOnProducts/>
                     <trackingIndicator/>
                     <watermarkIndicator/>
                     <ppiIndicator/>
                     <fimBarIndicator/>
                  </postageServiceStructure>
                  <postageServiceStructure>
                     <postageIdentifier>Royal Mail 1st Class stamps</postageIdentifier>
                     <postageName>Royal Mail 1st Class stamps</postageName>
                     <postageCarrier>RMG</postageCarrier>
                     <postageSize>
                        <postageSizeCode/>
                     </postageSize>
                     <postagePrice/>
                     <forms>
                        <form>
                           <type>certificate of post</type>
                           <description>certificate of postage documents</description>
                           <required>false</required>
                           <rangeFrom>0.0</rangeFrom>
                           <rangeTo>0.0</rangeTo>
                        </form>
                     </forms>
                     <termsAndConditions>
                        <termAndCondition>
                           <title>Restrictions</title>
                           <text>
                              <text>General restrictions apply.</text>
                           </text>
                        </termAndCondition>
                        <termAndCondition>
                           <title>Prohibitions</title>
                           <text>
                              <text>General prohibitions apply. Additional Prohibitions: Isle of Man only - hay, straw, peatmoss, litter (unless used as packaging) and many fresh meat and fresh meat products except under the authority of a license issued by the Manx authorities.</text>
                           </text>
                        </termAndCondition>
                     </termsAndConditions>
                     <serviceDimensionRules/>
                     <serviceWeightRules>
                        <maxWeight>
                           <unitOfMeasure>
                              <unitOfMeasureCode>
                                 <identifier>KGS</identifier>
                                 <code>KGS</code>
                                 <name>KGS</name>
                                 <description/>
                              </unitOfMeasureCode>
                           </unitOfMeasure>
                           <value>20</value>
                        </maxWeight>
                     </serviceWeightRules>
                     <parcelWeight/>
                     <parcelDimension/>
                     <parcelPostcode/>
                     <senderContactDetails/>
                     <recipientContactDetails/>
                     <postageServiceOptions/>
                     <postageAddOnProducts/>
                     <trackingIndicator/>
                     <watermarkIndicator/>
                     <ppiIndicator/>
                     <fimBarIndicator/>
                  </postageServiceStructure>
               </services>
            </postageServices>
            <genericResponseStructure>
               <serviceTransactionTime>2015-12-01T09:59:48.075779</serviceTransactionTime>
            </genericResponseStructure>
         </getServicesByCountryReturn>
         <integrationFooter/>
      </NS1:getServicesByCountryResponse>
   </soapenv:Body>
</soapenv:Envelope>