<soapenv:Envelope xmlns:soapenv="http://schemas.xmlsoap.org/soap/envelope/">
   <soapenv:Body>
      <NS1:getStatusResponse xmlns:NS1="http://www.royalmailgroup.com/api/onlinePostage/V1">
         <integrationHeader>
            <NS2:identification xmlns:NS2="http://www.royalmailgroup.com/integration/core/V1">
               <NS2:applicationId>q6g420yL07</NS2:applicationId>
               <NS2:transactionId>1790087103</NS2:transactionId>
            </NS2:identification>
         </integrationHeader>
         <statusReturn>
            <status>
               <statusCode>
                  <identifier>ACTIVE</identifier>
               </statusCode>
            </status>
            <service>OnlinePostageService</service>
            <serviceMethod>getCountries</serviceMethod>
            <statusReport>getCountries service is up and running</statusReport>
            <statusTime>2015-12-01T09:17:15.657233</statusTime>
         </statusReturn>
         <integrationFooter/>
      </NS1:getStatusResponse>
   </soapenv:Body>
</soapenv:Envelope>