<soapenv:Envelope xmlns:soapenv="http://www.w3.org/2003/05/soap-envelope">
   <soapenv:Body>
      <soapenv:Fault>
         <faultcode>soapenv:Server</faultcode>
         <faultstring>mismatched tag, expected statusDetails at offset 948 of https://159.122.104.243:443/royalmail/uat/onlinepostage/v1</faultstring>
         <detail>
            <webapi:SOAPFaultInfo xmlns:webapi="http://www.ibm.com/apimanagement">
               <httpCode>500</httpCode>
               <httpMessage>Internal Server Error</httpMessage>
            </webapi:SOAPFaultInfo>
         </detail>
      </soapenv:Fault>
   </soapenv:Body>
</soapenv:Envelope>