<soapenv:Envelope xmlns:soapenv="http://schemas.xmlsoap.org/soap/envelope/">
   <soapenv:Body>
      <NS1:getStatusResponse xmlns:NS1="http://www.royalmailgroup.com/api/onlinePostage/V1">
         <integrationHeader>
            <NS2:identification xmlns:NS2="http://www.royalmailgroup.com/integration/core/V1">
               <NS2:applicationId>q6g420yL07</NS2:applicationId>
               <NS2:transactionId>1827944967</NS2:transactionId>
            </NS2:identification>
         </integrationHeader>
         <statusReturn>
            <status>
               <statusCode/>
            </status>
            <service>OnlinePostageService</service>
            <serviceMethod>getStatus</serviceMethod>
            <statusReport/>
            <statusTime>2015-12-04T08:45:13.956668</statusTime>
         </statusReturn>
         <integrationFooter>
            <NS3:errors xmlns:NS3="http://www.royalmailgroup.com/integration/core/V1">
               <NS3:error>
                  <NS3:errorCode>E9999</NS3:errorCode>
                  <NS3:errorDescription>Service or ServiceMethod is Not Valid</NS3:errorDescription>
               </NS3:error>
            </NS3:errors>
         </integrationFooter>
      </NS1:getStatusResponse>
   </soapenv:Body>
</soapenv:Envelope>