<soapenv:Envelope xmlns:soapenv="http://schemas.xmlsoap.org/soap/envelope/">
   <soapenv:Body>
      <NS1:spoilPostageResponse xmlns:NS1="http://www.royalmailgroup.com/api/onlinePostage/V1">
         <integrationHeader>
            <NS2:dateTime xmlns:NS2="http://www.royalmailgroup.com/integration/core/V1">2015-12-01T10:05:43</NS2:dateTime>
            <NS3:identification xmlns:NS3="http://www.royalmailgroup.com/integration/core/V1">
               <NS3:endUserId>ABC</NS3:endUserId>
               <NS3:applicationId>123456789</NS3:applicationId>
               <NS3:transactionId>374577911</NS3:transactionId>
            </NS3:identification>
         </integrationHeader>
         <spoilPostageReturn>
            <postageSpoilListResult>
               <postageSpoilStatus>
                  <indiciaIDOrTrackingNo>06000000064</indiciaIDOrTrackingNo>
                  <postageCarrier>RMG</postageCarrier>
                  <status>
                     <statusCode>
                        <name>ACKNOWLEDGED</name>
                     </statusCode>
                  </status>
                  <error>
                     <code/>
                     <cause/>
                     <type/>
                     <message/>
                  </error>
               </postageSpoilStatus>
            </postageSpoilListResult>
            <genericResponseStructure>
               <serviceTransactionTime>2015-12-01T10:05:47.098391</serviceTransactionTime>
            </genericResponseStructure>
         </spoilPostageReturn>
         <integrationFooter/>
      </NS1:spoilPostageResponse>
   </soapenv:Body>
</soapenv:Envelope>