<soap:Envelope xmlns:xsd="http://www.w3.org/2001/XMLSchema" xmlns:xsi="http://www.w3.org/2001/XMLSchema-instance" xmlns:soap="http://schemas.xmlsoap.org/soap/envelope/">
	<soap:Body>
		<TrackingEnquiryResponse xmlns="http://tempuri.org/">
			<TrackingEnquiryResult>
				<Response xmlns="http://xmllib.intranet.point/trackingv11.xsd">
					<TrackResponse>
						<CommonData Id="EC311570810GB" DateSent="00-00-0000 00:00:00" Service="Express 24" ItemAdv="00000" ItemCol="00001" ItemDel="00000" ForeignId="952910310726" Brand="PE" Origin="NETHERLANDS">
							<DelAd>
								<AddLabel>Chalkdell Drive, Shenley Wood, Milton Keynes</AddLabel>
								<PoCde>MK5 6GF</PoCde>
								<Cntry>United Kingdom</Cntry>
							</DelAd>
						</CommonData>
						<Item ItemId="EC311570810GB" Status="In progress">
							<Event EvntLoc="Milton Keynes Depot" EvntDes="Do not display" EvntTime="06:52:00" EvntDate="2015-12-01"/>
							<Event EvntLoc="Milton Keynes Depot" EvntDes="Arrived at delivery depot" EvntTime="23:01:00" EvntDate="2015-11-30"/>
							<Event EvntLoc="General Parcel" EvntDes="" EvntTime="00:08:55" EvntDate="2015-11-28"/>
						</Item>
					</TrackResponse>
				</Response>
			</TrackingEnquiryResult>
		</TrackingEnquiryResponse>
	</soap:Body>
</soap:Envelope>
