<soap:Envelope xmlns:soap="http://schemas.xmlsoap.org/soap/envelope/" xmlns:xsi="http://www.w3.org/2001/XMLSchema-instance" xmlns:xsd="http://www.w3.org/2001/XMLSchema">
	<soap:Body>
		<TrackingEnquiryResponse xmlns="http://tempuri.org/">
			<TrackingEnquiryResult>
				<Response xmlns="http://xmllib.intranet.point/trackingv11.xsd">
					<SndRefResponse>
						<SndRefDetail Id="IH4923796" RecNme="A &amp; Q RETURNS" Cont="P125024"/>
						<SndRefDetail Id="IH4910523" RecNme="A &amp; Q RETURNS" Cont="P125024"/>
					</SndRefResponse>
				</Response>
			</TrackingEnquiryResult>
		</TrackingEnquiryResponse>
	</soap:Body>
</soap:Envelope>
