<soapenv:Envelope xmlns:soapenv="http://schemas.xmlsoap.org/soap/envelope/" xmlns:v1="http://www.royalmailgroup.com/api/ship/V1" xmlns:v11="http://www.royalmailgroup.com/integration/core/V1">
   <soapenv:Header/>
 	<wsse:Security xmlns:wsse="http://docs.oasis-open.org/wss/2004/01/oasis-200401-wss-wssecurity-secext-1.0.xsd" xmlns:wsu="http://docs.oasis-open.org/wss/2004/01/oasis-200401-wss-wssecurity-utility-1.0.xsd">
            <wsse:UsernameToken wsu:Id="UsernameToken-16">
            <wsse:Username>ARCF5693CUSAPI</wsse:Username>
            <wsse:Password Type="http://docs.oasis-open.org/wss/2004/01/oasis-200401-wss-username-token-profile-1.0#PasswordDigest">bCjjYGOOpPr69p/dqqfIDMjGmKk=</wsse:Password>
            <wsse:Nonce EncodingType="http://docs.oasis-open.org/wss/2004/01/oasis-200401-wss-soap-message-security-1.0#Base64Binary">xWstjXG0iUxbv3NH/fX+kw==</wsse:Nonce>
            <wsu:Created>2013-12-13T10:39:42</wsu:Created>
         </wsse:UsernameToken>
      </wsse:Security>
      
   <soapenv:Body>
      <v1:cancelShipmentRequest>
         <v1:integrationHeader>
            <v11:dateTime>2013-12-13T10:40:29</v11:dateTime>
            <v11:version>1.0</v11:version>
            <v11:identification>
               <v11:applicationId>111111113</v11:applicationId>
               <v11:transactionId>420642961</v11:transactionId>
            </v11:identification>
         </v1:integrationHeader>
         <v1:cancelShipments>
            <v1:shipmentNumber>AAA000051206GB</v1:shipmentNumber>
         </v1:cancelShipments>
      </v1:cancelShipmentRequest>
   </soapenv:Body>
</soapenv:Envelope>