<soapenv:Envelope xmlns:soapenv="http://schemas.xmlsoap.org/soap/envelope/">
   <soapenv:Body>
      <NS1:cancelShipmentResponse xmlns:NS1="http://www.royalmailgroup.com/api/ship/V1">
         <NS1:integrationHeader>
            <dateTime xmlns="http://www.royalmailgroup.com/integration/core/V1">2013-12-13T10:40:29</dateTime>
            <version xmlns="http://www.royalmailgroup.com/integration/core/V1">1</version>
            <identification xmlns="http://www.royalmailgroup.com/integration/core/V1">
               <applicationId>111111113</applicationId>
               <transactionId>420642961</transactionId>
            </identification>
         </NS1:integrationHeader>
         <NS1:completedCancelInfo>
            <NS1:status>
               <status>
                  <statusCode>
                     <code>Cancelled</code>
                  </statusCode>
               </status>
               <validFrom>2013-12-13T13:48:27</validFrom>
            </NS1:status>
            <NS1:completedCancelShipments>
               <NS1:shipmentNumber>AAA000051206GB</NS1:shipmentNumber>
            </NS1:completedCancelShipments>
         </NS1:completedCancelInfo>
         <NS1:integrationFooter/>
      </NS1:cancelShipmentResponse>
   </soapenv:Body>
</soapenv:Envelope>