
<soapenv:Envelope xmlns:soapenv="http://schemas.xmlsoap.org/soap/envelope/" xmlns:v1="http://www.royalmailgroup.com/api/ship/V1" xmlns:v11="http://www.royalmailgroup.com/integration/core/V1">
   <soapenv:Header>
	<wsse:Security xmlns:wsse="http://docs.oasis-open.org/wss/2004/01/oasis-200401-wss-wssecurity-secext-1.0.xsd" xmlns:wsu="http://docs.oasis-open.org/wss/2004/01/oasis-200401-wss-wssecurity-utility-1.0.xsd">
            <wsse:UsernameToken wsu:Id="UsernameToken-16">
            <wsse:Username>ARCF5693CUSAPI</wsse:Username>
            <wsse:Password Type="http://docs.oasis-open.org/wss/2004/01/oasis-200401-wss-username-token-profile-1.0#PasswordDigest">bCjjYGOOpPr69p/dqqfIDMjGmKk=</wsse:Password>
            <wsse:Nonce EncodingType="http://docs.oasis-open.org/wss/2004/01/oasis-200401-wss-soap-message-security-1.0#Base64Binary">xWstjXG0iUxbv3NH/fX+kw==</wsse:Nonce>
            <wsu:Created>2014-08-16T15:29:42</wsu:Created>
         </wsse:UsernameToken>
      </wsse:Security>
   </soapenv:Header>
   <soapenv:Body>
      <v1:createShipmentRequest>
         <v1:integrationHeader>
            <v11:dateTime>2013-12-12T15:29:42</v11:dateTime>
            <v11:version>1.0</v11:version>
            <v11:identification>
               <v11:applicationId>111111113</v11:applicationId>
               <v11:transactionId>420642961</v11:transactionId>
            </v11:identification>
         </v1:integrationHeader>
         <v1:requestedShipment>
            <v1:shipmentType>
               <code>Delivery</code>
            </v1:shipmentType>
            <v1:serviceOccurence>4</v1:serviceOccurence>
            <v1:serviceType>
               <code>T</code>
           </v1:serviceType>
           <v1:serviceOffering>
               <serviceOfferingCode>
                  <code>TPN</code>
               </serviceOfferingCode>
            </v1:serviceOffering>
            <v1:serviceFormat>
               <serviceFormatCode>
                  <code>N</code>
               </serviceFormatCode>
            </v1:serviceFormat>
            <v1:bfpoFormat>
               <bFPOFormatCode/>
            </v1:bfpoFormat>
            <v1:serviceEnhancements>
               <v1:enhancementType>
                  <serviceEnhancementCode>
                     <code>SMS</code>
                  </serviceEnhancementCode>
               </v1:enhancementType>
             </v1:serviceEnhancements>
            <v1:shippingDate>2014-08-16</v1:shippingDate>
            <v1:recipientContact>
               <v1:name>Mayor Janet Neetles</v1:name>
               <v1:complementaryName>Springfield Post Office</v1:complementaryName>
               <v1:telephoneNumber>
                  <telephoneNumber>07123123123</telephoneNumber>
               </v1:telephoneNumber>
               <v1:electronicAddress>
                  <electronicAddress>mayor.janet@springfield.com</electronicAddress>
               </v1:electronicAddress>
            </v1:recipientContact>
            <v1:recipientAddress>
               <addressLine1>Blackwell House</addressLine1>
               <addressLine2>123 Steep Street</addressLine2>
               <postTown>London</postTown>
               <postcode>SW2 5QR</postcode>
            </v1:recipientAddress>
            <v1:items>
               <v1:item>
                  <v1:numberOfItems>1</v1:numberOfItems>
                  <v1:weight>
                     <unitOfMeasure>
                        <unitOfMeasureCode>
                           <code>g</code>
                        </unitOfMeasureCode>
                     </unitOfMeasure>
                     <value>145</value>
                  </v1:weight>
               </v1:item>
            </v1:items>
            <v1:departmentReference>3000447342</v1:departmentReference>
            <v1:customerReference>myCustRef</v1:customerReference>
            <v1:senderReference>mySenderRef</v1:senderReference>
         </v1:requestedShipment>
      </v1:createShipmentRequest>
   </soapenv:Body>
</soapenv:Envelope>

