

<soapenv:Envelope xmlns:soapenv="http://schemas.xmlsoap.org/soap/envelope/">
   <soapenv:Body>
      <NS1:createManifestResponse xmlns:NS1="http://www.royalmailgroup.com/api/ship/V1">
         <NS1:integrationHeader>
            <dateTime xmlns="http://www.royalmailgroup.com/integration/core/V1">2014-01-01T21:32:52</dateTime>
            <version xmlns="http://www.royalmailgroup.com/integration/core/V1">1</version>
            <identification xmlns="http://www.royalmailgroup.com/integration/core/V1">
               <applicationId>111111113</applicationId>
               <transactionId>420642961</transactionId>
            </identification>
            <testFlag xmlns="http://www.royalmailgroup.com/integration/core/V1">true</testFlag>
            <debugFlag xmlns="http://www.royalmailgroup.com/integration/core/V1">true</debugFlag>
         </NS1:integrationHeader>
         <NS1:completedManifests>
            <NS1:completedManifestInfo>
               <NS1:manifestBatchNumber>190</NS1:manifestBatchNumber>
               <NS1:totalItemCount>3</NS1:totalItemCount>
               <NS1:manifestShipments>
                  <NS1:manifestShipment>
                     <NS1:serviceOffering>
                        <serviceOfferingCode>
                           <code>TPS</code>
                        </serviceOfferingCode>
                     </NS1:serviceOffering>
                     <NS1:shipmentNumber>JC924043946GB</NS1:shipmentNumber>
                  </NS1:manifestShipment>
		  <NS1:manifestShipment>
                     <NS1:serviceOffering>
                        <serviceOfferingCode>
                           <code>TPS</code>
                        </serviceOfferingCode>
                     </NS1:serviceOffering>
                     <NS1:shipmentNumber>JC924043947GB</NS1:shipmentNumber>
                  </NS1:manifestShipment>
		  <NS1:manifestShipment>
                     <NS1:serviceOffering>
                        <serviceOfferingCode>
                           <code>TPS</code>
                        </serviceOfferingCode>
                     </NS1:serviceOffering>
                     <NS1:shipmentNumber>JC924043948GB</NS1:shipmentNumber>
                  </NS1:manifestShipment>
               </NS1:manifestShipments>
            </NS1:completedManifestInfo>
         </NS1:completedManifests>
         <NS1:integrationFooter/>
      </NS1:createManifestResponse>
   </soapenv:Body>
</soapenv:Envelope>
