
<soapenv:Envelope xmlns:soapenv="http://schemas.xmlsoap.org/soap/envelope/">
   <soapenv:Body>
      <NS1:createShipmentResponse xmlns:NS1="http://www.royalmailgroup.com/api/ship/V1">
         <NS1:integrationHeader>
            <dateTime xmlns="http://www.royalmailgroup.com/integration/core/V1">2013-12-12T15:29:42</dateTime>
            <version xmlns="http://www.royalmailgroup.com/integration/core/V1">1</version>
            <identification xmlns="http://www.royalmailgroup.com/integration/core/V1">
               <applicationId>111111113</applicationId>
               <transactionId>420642961</transactionId>
            </identification>
         </NS1:integrationHeader>
         <NS1:completedShipmentInfo>
            <NS1:status>
               <status>
                  <statusCode>
                     <code>Allocated</code>
                  </statusCode>
               </status>
               <validFrom>2014-08-16T15:29:55</validFrom>
            </NS1:status>
            <NS1:allCompletedShipments>
               <NS1:completedShipments>
                  <NS1:weight>
                     <unitOfMeasure>
                        <unitOfMeasureCode>
                           <code>g</code>
                        </unitOfMeasureCode>
                     </unitOfMeasure>
                     <value>145</value>
                  </NS1:weight>
                  <NS1:shipments>
                     <NS1:shipmentNumber>JX002380709GB</NS1:shipmentNumber>
                  </NS1:shipments>
               </NS1:completedShipments>
            </NS1:allCompletedShipments>
            <NS1:requestedShipment>
               <NS1:shipmentType>
                  <code>Delivery</code>
               </NS1:shipmentType>
               <NS1:serviceOccurence>4</NS1:serviceOccurence>
               <NS1:serviceType>
                  <code>T</code>
               </NS1:serviceType>
               <NS1:serviceOffering>
                  <serviceOfferingCode>
                     <code>TPN</code>
                  </serviceOfferingCode>
               </NS1:serviceOffering>
               <NS1:serviceFormat>
                  <serviceFormatCode>
                     <code>N</code>
                  </serviceFormatCode>
               </NS1:serviceFormat>
               <NS1:shippingDate>2014-08-16</NS1:shippingDate>
               <NS1:recipientContact>
                  <NS1:name>Mayor Janet Neetles</NS1:name>
                  <NS1:complementaryName>Springfield Post Office</NS1:complementaryName>
                  <NS1:telephoneNumber>
                     <telephoneNumber>07123123123</telephoneNumber>
                  </NS1:telephoneNumber>
                  <NS1:electronicAddress>
                     <electronicAddress>mayor.janet@springfield.com</electronicAddress>
                  </NS1:electronicAddress>
               </NS1:recipientContact>
               <NS1:recipientAddress>
                  <addressLine1>Blackwell House</addressLine1>
                  <addressLine2>123 Steep Street</addressLine2>
                  <postTown>London</postTown>
                  <postcode>SW2 5QR</postcode>
                  <country>
                     <countryCode>
                        <code>GB</code>
                     </countryCode>
                  </country>
               </NS1:recipientAddress>
               <NS1:items>
                  <NS1:item>
                     <NS1:numberOfItems>1</NS1:numberOfItems>
                     <NS1:weight>
                        <unitOfMeasure>
                           <unitOfMeasureCode>
                              <code>g</code>
                           </unitOfMeasureCode>
                        </unitOfMeasure>
                        <value>145</value>
                     </NS1:weight>
                  </NS1:item>
               </NS1:items>
               <NS1:customerReference>myCustRef</NS1:customerReference>
               <NS1:senderReference>mySenderRef</NS1:senderReference>
            </NS1:requestedShipment>
         </NS1:completedShipmentInfo>
         <NS1:integrationFooter>
            <warnings xmlns="http://www.royalmailgroup.com/integration/core/V1">
               <warning>
                  <warningCode>W0036</warningCode>
                  <warningDescription>E-mail option not selected so e-mail address will be ignored</warningDescription>
               </warning>
            </warnings>
         </NS1:integrationFooter>
      </NS1:createShipmentResponse>
   </soapenv:Body>
</soapenv:Envelope>
