<soapenv:Envelope xmlns:soapenv="http://schemas.xmlsoap.org/soap/envelope/" xmlns:oas="http://docs.oasis-open.org/wss/2004/01/oasis-200401-wss-wssecurity-secext-1.0.xsd" xmlns:v1="http://www.royalmailgroup.com/api/ship/V1" xmlns:v11="http://www.royalmailgroup.com/integration/core/V1">
   <soapenv:Header>
      <oas:Security>
	<wsse:Security xmlns:wsse="http://docs.oasis-open.org/wss/2004/01/oasis-200401-wss-wssecurity-secext-1.0.xsd" xmlns:wsu="http://docs.oasis-open.org/wss/2004/01/oasis-200401-wss-wssecurity-utility-1.0.xsd">
         <wsse:UsernameToken wsu:Id="UsernameToken-16">
            <wsse:Username>ARCF5693CUSAPI</wsse:Username>
            <wsse:Password Type="http://docs.oasis-open.org/wss/2004/01/oasis-200401-wss-username-token-profile-1.0#PasswordDigest">bCjjYGOOpPr69p/dqqfIDMjGmKk=</wsse:Password>
            <wsse:Nonce EncodingType="http://docs.oasis-open.org/wss/2004/01/oasis-200401-wss-soap-message-security-1.0#Base64Binary">xWstjXG0iUxbv3NH/fX+kw==</wsse:Nonce>
            <wsu:Created>2014-02-13T13:06:27.281Z</wsu:Created>
         </wsse:UsernameToken>
      </wsse:Security>
      </oas:Security>
   </soapenv:Header>
   <soapenv:Body>
      <v1:printLabelRequest>
         <v1:integrationHeader>
            <v11:dateTime>2014-02-27T12:49:45</v11:dateTime>
            <v11:version>1.0</v11:version>
            <v11:identification>
               <v11:applicationId>111111113</v11:applicationId>
               <v11:transactionId>420642961</v11:transactionId>
            </v11:identification>
         </v1:integrationHeader>
         <v1:shipmentNumber>TTXXXXXXXXXGB</v1:shipmentNumber>
      </v1:printLabelRequest>
   </soapenv:Body>
</soapenv:Envelope>
