<soapenv:Envelope 
xmlns:v1="http://www.royalmailgroup.com/api/ship/V1" xmlns:v11="http://www.royalmailgroup.com/integration/core/V1">
   <soapenv:Header/>
	<wsse:Security xmlns:wsse="http://docs.oasis-open.org/wss/2004/01/oasis-200401-wss-wssecurity-secext-1.0.xsd" xmlns:wsu="http://docs.oasis-open.org/wss/2004/01/oasis-200401-wss-wssecurity-utility-1.0.xsd">
            <wsse:UsernameToken wsu:Id="UsernameToken-16">
            <wsse:Username>ARCF5693CUSAPI</wsse:Username>
            <wsse:Password Type="http://docs.oasis-open.org/wss/2004/01/oasis-200401-wss-username-token-profile-1.0#PasswordDigest">bCjjYGOOpPr69p/dqqfIDMjGmKk=</wsse:Password>
            <wsse:Nonce EncodingType="http://docs.oasis-open.org/wss/2004/01/oasis-200401-wss-soap-message-security-1.0#Base64Binary">xWstjXG0iUxbv3NH/fX+kw==</wsse:Nonce>
            <wsu:Created>2014-01-07T10:39:42</wsu:Created>
         </wsse:UsernameToken>
      </wsse:Security>
   <soapenv:Body>
      <v1:updateShipmentRequest>
         <v1:integrationHeader>
            <v11:dateTime>2014-01-07T10:40:29</v11:dateTime>
            <v11:version>1.0</v11:version>
            <v11:identification>
               <v11:applicationId>111111113</v11:applicationId>
               <v11:transactionId>420642961</v11:transactionId>
            </v11:identification>
         </v1:integrationHeader>
         <v1:shipmentNumber>AAA000097772GB</v1:shipmentNumber>
         <v1:requestedShipment>
            <v1:shipmentType>
               <code>Delivery</code>
            </v1:shipmentType>
            <v1:serviceType>
		<code>1</code>
            </v1:serviceType>
            <v1:serviceOffering>
               <serviceOfferingCode>
                  <code>CRL</code>
               </serviceOfferingCode>
            </v1:serviceOffering>
            <v1:serviceFormat>
               <serviceFormatCode>
                  <code>L</code>
               </serviceFormatCode>
            </v1:serviceFormat>
            <v1:shippingDate>2014-01-07</v1:shippingDate>
	    <v1:recipientContact>
               <v1:name>Johnny North</v1:name>              
            </v1:recipientContact>
            <v1:recipientAddress>
               <addressLine1>132 Barnaby Way</addressLine1>
               <postTown>Chigwell</postTown>
               <postcode>IG99 6AA</postcode>
            </v1:recipientAddress>
            <v1:items>
               <v1:item>
                  <v1:numberOfItems>1</v1:numberOfItems>
                  <v1:weight>
                     <unitOfMeasure>
                        <unitOfMeasureCode>
                           <code>g</code>
                        </unitOfMeasureCode>
                     </unitOfMeasure>
                     <value>2</value>
                  </v1:weight>
               </v1:item>
            </v1:items>
         </v1:requestedShipment>
      </v1:updateShipmentRequest>
   </soapenv:Body>
</soapenv:Envelope>