<soapenv:Envelope xmlns:soapenv="http://schemas.xmlsoap.org/soap/envelope/">
   <soapenv:Body>
      <NS1:updateShipmentResponse xmlns:NS1="http://www.royalmailgroup.com/api/ship/V1">
         <NS1:integrationHeader>
            <dateTime xmlns="http://www.royalmailgroup.com/integration/core/V1">2013-12-18T10:40:29</dateTime>
            <version xmlns="http://www.royalmailgroup.com/integration/core/V1">1</version>
            <identification xmlns="http://www.royalmailgroup.com/integration/core/V1">
               <applicationId>111111113</applicationId>
               <transactionId>420642961</transactionId>
            </identification>
         </NS1:integrationHeader>
         <NS1:status>
            <status>
               <statusCode>
                  <code>Allocated</code>
               </statusCode>
            </status>
            <validFrom>2013-12-18T21:15:53</validFrom>
         </NS1:status>
         <NS1:shipmentNumber>AAA000083610GB</NS1:shipmentNumber>
         <NS1:requestedShipment>
            <NS1:shippingDate>2013-12-18</NS1:shippingDate>
            <NS1:recipientContact>
               <NS1:name>John West</NS1:name>
            </NS1:recipientContact>
            <NS1:recipientAddress>
               <addressLine1>132 Barnaby Way</addressLine1>
               <postTown>Chigwell</postTown>
               <postcode>IG7 6NZ</postcode>
               <country>
                  <countryCode>
                     <code>GB</code>
                  </countryCode>
               </country>
            </NS1:recipientAddress>
            <NS1:items>
               <NS1:item>
                  <NS1:weight>
                     <unitOfMeasure>
                        <unitOfMeasureCode>
                           <code>g</code>
                        </unitOfMeasureCode>
                     </unitOfMeasure>
                     <value>2.000</value>
                  </NS1:weight>
               </NS1:item>
            </NS1:items>
         </NS1:requestedShipment>
         <NS1:integrationFooter>
            <warnings xmlns="http://www.royalmailgroup.com/integration/core/V1">
               <warning>
                  <warningCode>W0020</warningCode>
                  <warningDescription>signature is not a valid option for the service offering selected and will be ignored. If a signature is required cancel this shipment and re-raise specifying a valid Service Offering</warningDescription>
               </warning>
            </warnings>
         </NS1:integrationFooter>
      </NS1:updateShipmentResponse>
   </soapenv:Body>
</soapenv:Envelope>